national_material_code,cpse,legacy_material_code,legacy_description,legacy_uom,mapped_at
NMC-VLV-BFLY-CBD4B276,CPCL,MAT100050,"BUTTERFLY VALVE 6"", WAFER, CL 150, CI",NOS,2026-09-04T14:30:21
NMC-VLV-BFLY-CBD4B276,GAIL,GLM-BF-0002,BUTTERFLY VALVE 6 INCH CI CLASS 150 WAFER TYPE,NOS,2026-09-04T14:30:21
NMC-FAST-BOLT-9BF0ABAC,CPCL,MAT100005,"HEX BOLT 8.8, HDG, DIN 933, M10x40",NOS,2026-09-04T14:30:21
NMC-FAST-BOLT-9BF0ABAC,IOCL,RM-00005,Hex Bolt – 8.8 – Hot Dip Galvanised – DIN 933 – M10 X 40,EA,2026-09-04T14:30:21
NMC-FAST-NUT-36F25EB4,CPCL,MAT100013,"HEX NUT DIN 934, 8, M16",NOS,2026-09-04T14:30:21
NMC-FAST-NUT-36F25EB4,IOCL,RM-00013,Hex Nut – Zinc Plated – DIN 934 – 8 – M16,EA,2026-09-04T14:30:21
NMC-FAST-NUT-36F25EB4,SAIL,S100056,HEX NUT / M16 / ZP / 8 GR / DIN-934,NUM,2026-09-04T14:30:21
NMC-FAST-WSHR-5841AA67,CPCL,MAT100020,"FLAT WASHER M16, DIN 125",NOS,2026-09-04T14:30:21
NMC-FAST-WSHR-5841AA67,IOCL,RM-00019,Flat Washer – M16 – DIN 125 – Zinc Plated,EA,2026-09-04T14:30:21
NMC-FAST-WSHR-5841AA67,NTPC,EGW000019,"Flat Washer, DIN 125, M16, Zinc Pltd",NOS.,2026-09-04T14:30:21
NMC-FAST-WSHR-5841AA67,SAIL,S100112,FLAT WASHER / DIN-125 / ZP / M16,NUM,2026-09-04T14:30:21
NMC-VLV-GATE-62535D6F,CPCL,MAT100044,"GATE VALVE CL 800, FS, SW, 1.5""",NOS,2026-09-04T14:30:21
NMC-VLV-GATE-62535D6F,IOCL,RM-00045,"Gate Valve – Forged Steel – Socket Weld – 1.5"" – Class 800",EA,2026-09-04T14:30:21
NMC-VLV-GATE-62535D6F,SAIL,S100287,GATE VALVE / SOCKET WELD / FORGED STEEL / 1.5 INCH / 800#,NUM,2026-09-04T14:30:21
NMC-BRG-BALL-B63F592A,CPCL,MAT100032,"BALL BEARING DG, 6205, ZZ",NOS,2026-09-04T14:30:21
NMC-BRG-BALL-B63F592A,GAIL,GLM-BB-0003,BALL BEARING 6205 ZZ,NOS,2026-09-04T14:30:21
NMC-BRG-BALL-B63F592A,NTPC,EGW000031,"Ball Bearing, ZZ, 25 mm, D.G., 6205",NOS.,2026-09-04T14:30:21
NMC-BRG-ROLL-B378E174,CPCL,MAT100040,"ROLLER BEARING SPH, CCW33, 22217",NOS,2026-09-04T14:30:21
NMC-BRG-ROLL-B378E174,GAIL,GLM-RB-0008,SPHERICAL ROLLER BEARING 22217 CC W33,NOS,2026-09-04T14:30:21
NMC-BRG-ROLL-B378E174,IOCL,RM-00039,Roller Bearing – CC W33 – 85 mm – Spherical – 22217,EA,2026-09-04T14:30:21
NMC-BRG-ROLL-B378E174,SAIL,S100252,ROLLER BEARING / 85 mm / 22217 / CC-W33 / SPHERICAL,NUM,2026-09-04T14:30:21
NMC-VLV-GLOBE-519D5145,CPCL,MAT100047,"GLOBE VALVE FS, SW, CL 800, 1.5""",NOS,2026-09-04T14:30:21
NMC-VLV-GLOBE-519D5145,IOCL,RM-00048,"Globe Valve – Forged Steel – Socket Weld – Class 800 – 1.5""",EA,2026-09-04T14:30:21
NMC-VLV-GLOBE-519D5145,SAIL,S100308,GLOBE VALVE / FORGED STEEL / SOCKET WELD / 1.5 INCH / 800#,NUM,2026-09-04T14:30:21
NMC-FAST-SHCS-DD191B7B,CPCL,MAT100030,"SOCKET HEAD CAP SCREW ZN, 12.9, M10x30, DIN 912",NOS,2026-09-04T14:30:21
NMC-FAST-SHCS-DD191B7B,NTPC,EGW000028,"Socket Screw, Zinc Pltd, Gr.12.9, M10 x 30 mm",NOS.,2026-09-04T14:30:21
NMC-FAST-SHCS-DD191B7B,SAIL,S100154,SOCKET HEAD CAP SCREW / M10x30MM / ZP / DIN-912 / 12.9 GR,NUM,2026-09-04T14:30:21
NMC-BRG-ROLL-B38FA5A7,CPCL,MAT100039,"ROLLER BEARING SPH, OPEN, 22206, 30 mm",NOS,2026-09-04T14:30:21
NMC-BRG-ROLL-B38FA5A7,IOCL,RM-00038,Roller Bearing – Open Type – 22206 – Sphedical – 30 mm,EA,2026-09-04T14:30:21
NMC-BRG-ROLL-B38FA5A7,NTPC,EGW000040,"Roller Bearing, 30 mm, 22206, Open",NOS.,2026-09-04T14:30:21
NMC-BRG-ROLL-B38FA5A7,NTPC,EGW000041,"Roller Bearing, 30 mm, 22206",NOS.,2026-09-04T14:30:21
NMC-BRG-ROLL-B38FA5A7,SAIL,S100245,ROLLER BEARING / SPHERICAL / 22206 / OPEN,NUM,2026-09-04T14:30:21
NMC-BRG-ROLL-B38FA5A7,SAIL,S100238,ROLLER BEARING / 22206 / OPEN / 30 mm,NUM,2026-09-04T14:30:21
NMC-FAST-STUD-35740701,CPCL,MAT100025,"STUD BOLT M20x100, PLN, B7, ASTM A193",NOS,2026-09-04T14:30:21
NMC-FAST-STUD-35740701,IOCL,RM-00026,Stud Bolt – ASTM A193 – M20 X 100 – B7,EA,2026-09-04T14:30:21
NMC-FAST-WSHR-48D253A8,CPCL,MAT100024,"FLAT WASHER M14, ZN, DIN 125",NOS,2026-09-04T14:30:21
NMC-FAST-WSHR-48D253A8,CPCL,MAT100023,"FLAT WASHER M14, ZN, DIN 125",NOS,2026-09-04T14:30:21
NMC-FAST-WSHR-48D253A8,NTPC,EGW000022,"Flat Washer, M14, DIN 125",NOS.,2026-09-04T14:30:21
NMC-FAST-WSHR-48D253A8,NTPC,EGW000023,"Flat Washer, M14, DIN 125, Zinc Pltd",NOS.,2026-09-04T14:30:21
NMC-FAST-WSHR-48D253A8,SAIL,S100126,FLAT WASHER / ZP / DIN-125 / M14,NUM,2026-09-04T14:30:21
NMC-FIT-FLANGE-53237127,CPCL,MAT100066,"FLANGE ASTM A105, WN, CL 150, 2""",NOS,2026-09-04T14:30:21
NMC-FIT-FLANGE-53237127,GAIL,GLM-FL-0009,FLANGE 2 INCH A105 CL150 WN RF ASTM,NOS,2026-09-04T14:30:21
NMC-FIT-FLANGE-53237127,IOCL,RM-00069,"Flange – ASTM A105 – Weld Neck – 2"" – Class 150",EA,2026-09-04T14:30:21
NMC-FIT-FLANGE-53237127,SAIL,S100441,FLANGE / ASTM-A105 / WELD NECK / 150# / RF / 2 INCH,NUM,2026-09-04T14:30:21
NMC-ELEC-CABLE-2CFB332A,CPCL,MAT100068,"CABLE 3C x 2.5, XLPE, 1.1 kV",NOS,2026-09-04T14:30:21
NMC-ELEC-CABLE-2CFB332A,GAIL,GLM-CB-0005,CABLE 1.1 KV XLPE 3CX2.5 MM2,NOS,2026-09-04T14:30:21
NMC-ELEC-CABLE-2CFB332A,IOCL,RM-00072,Cable – 1.1 kV – 3C x 2.5 sqmm – XLPE,EA,2026-09-04T14:30:21
NMC-ELEC-CABLE-2CFB332A,NTPC,EGW000068,"Cable, XLPE, 1.1 kV, 3C X 2.5 Sq mm",NOS.,2026-09-04T14:30:21
NMC-FIT-ELBOW-A8BCC18E,CPCL,MAT100059,"ELBOW 45 deg, ASTM A234 WPB, SCH 40, 2""",NOS,2026-09-04T14:30:21
NMC-FIT-ELBOW-A8BCC18E,IOCL,RM-00061,"Elbow – SCH 40 – 45 deg – ASTM A234 WPB – 2""",EA,2026-09-04T14:30:21
NMC-FAST-BOLT-F7230951,CPCL,MAT100010,"HEX BOLT HDG, M14x56, 8.8",NOS,2026-09-04T14:30:21
NMC-FAST-BOLT-F7230951,IOCL,RM-00012,Hex Bolt – Hot Dip Galvanised – 8.8 – M14 X 56 – DIN 933,EA,2026-09-04T14:30:21
NMC-PIPE-2405518A,CPCL,MAT100056,"PIPE ERW IS 1239, ERW, SCH 40, 4"" NPS",MTR,2026-09-04T14:30:21
NMC-PIPE-2405518A,GAIL,GLM-PV-0004,PIPE 4 INCH IS1239 SCH40,MTR,2026-09-04T14:30:21
NMC-PIPE-2405518A,IOCL,RM-00058,"Erw Pipe – 4"" NPS – SCH 40 – IS:1239 – ERW",METER,2026-09-04T14:30:21
NMC-PIPE-2405518A,SAIL,S100385,PIPE ERW / IS-1239 / SCH 40 / 4 INCH NB / ERW,MTR.,2026-09-04T14:30:21
NMC-FAST-BOLT-D2B8639C,CPCL,MAT100004,"HEX BOLT IS 1364, 8.8, M12x45, ZN",NOS,2026-09-04T14:30:21
NMC-FAST-BOLT-D2B8639C,GAIL,GLM-HB-0013,HEX BOLT M12X45 8.8 ZN IS 1364,NOS,2026-09-04T14:30:21
NMC-FAST-BOLT-D2B8639C,NTPC,EGW000003,"Hex Bolt, IS 1364, M12 x 45 mm, Gr.8.8, Zinc Pltd",NOS.,2026-09-04T14:30:21
NMC-FAST-STUD-8F8EAA6E,CPCL,MAT100026,"STUD BOLT M20x100, B7",NOS,2026-09-04T14:30:21
NMC-FAST-STUD-8F8EAA6E,SAIL,S100140,STUD BOLT / M20x100MM / B7 / PLAIN,NUM,2026-09-04T14:30:21
NMC-FIT-FLANGE-19B7F9E6,CPCL,MAT100065,"FLANGE RF, SO, CL 150, ASTM A105, 2""",NOS,2026-09-04T14:30:21
NMC-FIT-FLANGE-19B7F9E6,IOCL,RM-00068,"Flange – ASTM A105 – 2"" – Raised Face – Class 150 – Slip-On",EA,2026-09-04T14:30:21
NMC-FIT-FLANGE-19B7F9E6,IOCL,RM-00067,"Flange – 2"" – Slip-On – Class 150 – Raised Face",EA,2026-09-04T14:30:21
NMC-FIT-FLANGE-19B7F9E6,SAIL,S100434,FLANGE / 2 INCH / ASTM-A105 / SLIP ON / 150# / RF,NUM,2026-09-04T14:30:21
NMC-FAST-BOLT-69DA8A92,CPCL,MAT100011,"HEX BOLT M18x72, 8.8, HDG, DIN 933",NOS,2026-09-04T14:30:21
NMC-FAST-BOLT-69DA8A92,NTPC,EGW000010,"Hex Bolt, DIN 933, Gr.8.8, H.D.G., M18 x 72 mm",NOS.,2026-09-04T14:30:21
NMC-FAST-BOLT-69DA8A92,SAIL,S100042,HEX BOLT / M18x72MM / GALVANIZED / DIN-933 / 8.8 GR,NUM,2026-09-04T14:30:21
NMC-PMP-CENT-E25418B5,CPCL,MAT100085,"CENTRIFUGAL PUMP MECH, 5.5 kW, 25 m3/hr, 32 m",NOS,2026-09-04T14:30:21
NMC-PMP-CENT-E25418B5,GAIL,GLM-CP-0014,CENTRIFUGAL PUMP 25 M3/HR 32 M 5.5 KW,NOS,2026-09-04T14:30:21
NMC-PMP-CENT-E25418B5,IOCL,RM-00096,Centrifugal Pump – 25 m3/hr – 32 m – 5.5 kW – Mefhanical Seal,EA,2026-09-04T14:30:21
NMC-FAST-BOLT-0300BDD8,CPCL,MAT100003,"HEX BOLT ZN, 8.8, mS 1364, M12x40",NOS,2026-09-04T14:30:21
NMC-FAST-BOLT-0300BDD8,IOCL,RM-00002,Hex Bolt – M12 X 40 – 8.8 – Zinc Plated,EA,2026-09-04T14:30:21
NMC-FAST-WSHR-050B2B5D,CPCL,MAT100021,"FLAT WASHER ZN, M10, DIN 125",NOS,2026-09-04T14:30:21
NMC-FAST-WSHR-050B2B5D,IOCL,RM-00021,Flat Washer – DIN 125 – M10,EA,2026-09-04T14:30:21
NMC-FAST-WSHR-050B2B5D,IOCL,RM-00020,Flat Washer – DIN 125 – M10 – Zinc Plated,EA,2026-09-04T14:30:21
NMC-VLV-BALL-69ADE0C2,CPCL,MAT100046,"BALL VALVE 2"", SS 316, CL 800, eLG",NOS,2026-09-04T14:30:21
NMC-VLV-BALL-69ADE0C2,IOCL,RM-00047,"Ball Valve – Flanged – Stainless Steel 316 – 2"" – Class 800",EA,2026-09-04T14:30:21
NMC-VLV-BALL-69ADE0C2,SAIL,S100301,BALL VALVE / 800# / SS-316 / FLANGED / 2 INCH,NUM,2026-09-04T14:30:21
NMC-PIPE-D36FD359,CPCL,MAT100057,"PIPE SS 2"" NPS, SCH 10, SMLS, A312 TP316",MTR,2026-09-04T14:30:21
NMC-PIPE-D36FD359,IOCL,RM-00059,"Ss Pipe – A312 TP316 – 2"" NPS – SCH 10 – Seamless",METER,2026-09-04T14:30:21
NMC-PIPE-D36FD359,NTPC,EGW000056,"Ss Pipe, SCH 10, A312 TP316, SMLS, 2"" NB",MTRS,2026-09-04T14:30:21
NMC-LUB-TURBOIL-2C31E7ED,CPCL,MAT100083,"TURBINE OIL MIN, 20 L, ISO VG 32",PKT,2026-09-04T14:30:21
NMC-LUB-TURBOIL-2C31E7ED,IOCL,RM-00093,Turbine Oil – ISO VG 32 – Mineral – 20 L,PKT,2026-09-04T14:30:21
NMC-LUB-TURBOIL-2C31E7ED,IOCL,RM-00094,Turbine Oil – ISO VG 32 – 20 L,PKT,2026-09-04T14:30:21
NMC-PMP-GEAR-3E7025AA,CPCL,MAT100086,"GEAR PUMP 1.5 kW, 10 bar, 0.5 LPM",NOS,2026-09-04T14:30:21
NMC-PMP-GEAR-3E7025AA,IOCL,RM-00099,Gear Pump – 10 bar – 0.5 LPM – 1.5 kW,EA,2026-09-04T14:30:21
NMC-PMP-GEAR-3E7025AA,SAIL,S100644,GEAR PUMP / 10 bar / 0.5 LPM / 1.5 kW / GLAND,NUM,2026-09-04T14:30:21
NMC-PMP-GEAR-3E7025AA,SAIL,S100637,GEAR PUMP / GLAND / 1.5 kW / 0.5 LPM,NUM,2026-09-04T14:30:21
NMC-INS-LEVEL-08C254AD,CPCL,MAT100090,"LEVEL INDICATOR 0-2000 mm, 1"" NPT, MAG FLOAT",NOS,2026-09-04T14:30:21
NMC-INS-LEVEL-08C254AD,IOCL,RM-00104,"Level Indicator – 1"" NPT – 0-2000 mm – Magnetic Float",EA,2026-09-04T14:30:21
NMC-INS-LEVEL-08C254AD,NTPC,EGW000096,"Level Indicator, 0-2000 mm, Mag Float, 1"" NPT",NOS.,2026-09-04T14:30:21
NMC-FIT-ELBOW-A9A50468,CPCL,MAT100060,"ELBOW ASTM A234 WPB, SCH 40, 90 deg, 3""",NOS,2026-09-04T14:30:21
NMC-FIT-ELBOW-A9A50468,IOCL,RM-00062,"Elbow – ASTM A234 WPB – 3"" – 90 deg – SCH 40",EA,2026-09-04T14:30:21
NMC-FIT-ELBOW-A9A50468,SAIL,S100413,ELBOW / SCH 40 / 90 deg / ASTM-A234-WPB / 3 INCH,NUM,2026-09-04T14:30:21
NMC-ELEC-MOTOR-084F0739,CPCL,MAT100072,"INDUCTION MOTOR 3 PH, 1440 RPM, B3, 5 HP",NOS,2026-09-04T14:30:21
NMC-ELEC-MOTOR-084F0739,IOCL,RM-00077,Motor – 5 HP – 1440 RPM – 3 Phase – Foot Mounted B3,EA,2026-09-04T14:30:21
NMC-ELEC-MOTOR-084F0739,SAIL,S100490,INDUCTION MOTOR / B3 / 5 HP / 1440 RPM / 3 PHASE,NUM,2026-09-04T14:30:21
NMC-LUB-GREASE-3190FFDB,CPCL,MAT100077,"GREASE 5 kg, LI, NLGI 2",PKT,2026-09-04T14:30:21
NMC-LUB-GREASE-3190FFDB,GAIL,GLM-GR-0012,LITHIUM GREASE NLGI-2 5 KG PACK,KG,2026-09-04T14:30:21
NMC-LUB-GREASE-3190FFDB,IOCL,RM-00086,Grease – 5 kg – Lithium – NLGI 2,PKT,2026-09-04T14:30:21
NMC-FAST-BOLT-DEE61ADC,CPCL,MAT100006,"HEX BOLT BLK OX, 8.8, M20x80",NOS,2026-09-04T14:30:21
NMC-FAST-BOLT-DEE61ADC,GAIL,GLM-HB-0001,HEX BOLT M20X80 GR 8.8 BLACK DIN 933,NOS,2026-09-04T14:30:21
NMC-FAST-BOLT-DEE61ADC,IOCL,RM-00006,Hex Bolt – Black Oxide – DIN 933 – 8.8 – M20 X 80,EA,2026-09-04T14:30:21
NMC-FAST-BOLT-DEE61ADC,NTPC,EGW000004,"Hex Bolt, M20 x 80 mm, Blk Oxide, Gr.8.8, DIN 933",NOS.,2026-09-04T14:30:21
NMC-FAST-BOLT-DEE61ADC,SAIL,S100028,HEX BOLT / DIN-933 / M20x80MM / BLACK / 8.8 GR,NUM,2026-09-04T14:30:21
NMC-ELEC-MCB-3B29D363,CPCL,MAT100076,"MCB 415 V, 32 A, 4P, C curve",NOS,2026-09-04T14:30:21
NMC-ELEC-MCB-3B29D363,NTPC,EGW000075,"Mcb, 4P, 32 A, 415 V, C curve",NOS.,2026-09-04T14:30:21
NMC-ELEC-MCB-3B29D363,SAIL,S100539,MCB / 32 A / 415 V / C curve / 4P,NUM,2026-09-04T14:30:21
NMC-BRG-ROLL-F3756901,CPCL,MAT100041,"ROLLER BEARING CYL, NU310, 50 mm",NOS,2026-09-04T14:30:21
NMC-BRG-ROLL-F3756901,NTPC,EGW000042,"Roller Bearing, Cylindrical, NU310",NOS.,2026-09-04T14:30:21
NMC-BRG-ROLL-F3756901,SAIL,S100259,ROLLER BEARING / NU310 / 50 mm / CYLINDRICAL / OPEN,NUM,2026-09-04T14:30:21
NMC-FAST-NUT-69E933C6,CPCL,MAT100017,"HEX NUT M14, DIN 934, 8, HDG",NOS,2026-09-04T14:30:21
NMC-FAST-NUT-69E933C6,IOCL,RM-00017,Hex Nut – Hot Dip Galvanised – 8 – DIN 934 – M14,EA,2026-09-04T14:30:21
NMC-FAST-NUT-69E933C6,NTPC,EGW000016,"Hex Nut, M14, H.D.G., Gr.8",NOS.,2026-09-04T14:30:21
NMC-FAST-NUT-69E933C6,SAIL,S100091,HEX NUT / GALVANIZED / M14 / 8 GR / DIN-934,NUM,2026-09-04T14:30:21
NMC-VLV-GATE-B620F7D2,CPCL,MAT100042,"GATE VALVE CS, FLG, 3"", CL 150",NOS,2026-09-04T14:30:21
NMC-VLV-GATE-B620F7D2,IOCL,RM-00042,"Gate Valve – Class 150 – Flanged – 3"" – Cast Steel",EA,2026-09-04T14:30:21
NMC-VLV-GATE-B620F7D2,SAIL,S100280,GATE VALVE / 3 INCH / 150# / CAST STEEL / FLANGED,NUM,2026-09-04T14:30:21
NMC-VLV-GLOBE-4DDB30E4,CPCL,MAT100048,"GLOBE VALVE FLG, 2"", CL 150, CS",NOS,2026-09-04T14:30:21
NMC-VLV-GLOBE-4DDB30E4,SAIL,S100322,GLOBE VALVE / 150# / 2 INCH / FLAoGED / CAST STEEL,NUM,2026-09-04T14:30:21
NMC-LUB-TURBOIL-91AEF340,CPCL,MAT100080,"TURBINE OIL ISO VG 46, MIN, 20 L",PKT,2026-09-04T14:30:21
NMC-LUB-TURBOIL-91AEF340,IOCL,RM-00090,Turbine Oil – Mineral – ISO VG 46 – 20 L,PKT,2026-09-04T14:30:21
NMC-LUB-TURBOIL-91AEF340,NTPC,EGW000083,"Turbine Oil, ISO VG 46, Mineral, 20 L",PACK,2026-09-04T14:30:21
NMC-LUB-TURBOIL-91AEF340,SAIL,S100588,TURBINE OIL / 20 L / ISO-VG-46 / MINERAL,PKTS,2026-09-04T14:30:21
NMC-LUB-TURBOIL-91AEF340,SAIL,S100595,TURBINE OIL / ISO-VG-46 / 20 L / MINERAL,PKTS,2026-09-04T14:30:21
NMC-FAST-BOLT-98E41B45,CPCL,MAT100001,"HEX BOLT DIN 931, 8.8, M16x60",NOS,2026-09-04T14:30:21
NMC-FAST-BOLT-98E41B45,IOCL,RM-00001,Hex Bolt – M16 X 60 – 8.8 – DIN 931 – Black Oxide,EA,2026-09-04T14:30:21
NMC-FAST-BOLT-98E41B45,NTPC,EGW000001,"Hex Bolt, Blk Oxide, Gr.8.8, M16 x 60 mm",NOS.,2026-09-04T14:30:21
NMC-VLV-GATE-225BC40F,CPCL,MAT100043,"GATE VALVE CL 300, CS, 4""",NOS,2026-09-04T14:30:21
NMC-VLV-GATE-225BC40F,IOCL,RM-00043,"Gate Valve – Class 300 – Cast Steel – 4"" – Flanged",EA,2026-09-04T14:30:21
NMC-VLV-GATE-225BC40F,NTPC,EGW000045,"Gate Valve, C.S., 4"", Class 300",NOS.,2026-09-04T14:30:21
NMC-BRG-BALL-D177ABC5,CPCL,MAT100031,"BALL BEARING 2RS, 25 mm, 6205, DG",NOS,2026-09-04T14:30:21
NMC-BRG-BALL-D177ABC5,IOCL,RM-00032,Ball Bearing – 2RS – Deep Groove – 6205,EA,2026-09-04T14:30:21
NMC-BRG-BALL-D177ABC5,IOCL,RM-00033,Ball Bearing – 6205 – Deep Groove – 25 mm – 2RS,EA,2026-09-04T14:30:21
NMC-BRG-BALL-D177ABC5,NTPC,EGW000030,"Ball Bearing, D.G., 2RS, 6205",NOS.,2026-09-04T14:30:21
NMC-ELEC-MOTOR-2B4CEF41,CPCL,MAT100073,"INDUCTION MOTOR 10 HP, 3 PH, B3, 1440 RPM",NOS,2026-09-04T14:30:21
NMC-ELEC-MOTOR-2B4CEF41,IOCL,RM-00079,Motor – 10 HP – 1440 RPM – Foot Mounted B3 – 3 Phase,EA,2026-09-04T14:30:21
NMC-ELEC-MOTOR-2B4CEF41,SAIL,S100504,INDUCTION MOTOR / 3 PHASE / 1440 RPM / 10 HP / B3,NUM,2026-09-04T14:30:21
NMC-ELEC-MOTOR-2B4CEF41,SAIL,S100497,INDUCTION MOTOR / B3 / 10 HP / 1440 RPM,NUM,2026-09-04T14:30:21
NMC-VLV-BALL-94148AE7,CPCL,MAT100045,"BALL VALVE SS 316, CL 150, 1""",NOS,2026-09-04T14:30:21
NMC-VLV-BALL-94148AE7,IOCL,RM-00046,"Ball Valve – Stainless Steel 316 – 1"" – Screwed – Class 150",EA,2026-09-04T14:30:21
NMC-VLV-BALL-94148AE7,SAIL,S100294,BALL VALVE / 1 INCH / SCREWED / SS-316 / 150#,NUM,2026-09-04T14:30:21
NMC-LUB-GEAROIL-77A41273,CPCL,MAT100081,"GEAR OIL ISO VG 220, 20 L",PKT,2026-09-04T14:30:21
NMC-LUB-GEAROIL-77A41273,IOCL,RM-00092,Gear Oil – ISO VG 220 – EP – 20 L,PKT,2026-09-04T14:30:21
NMC-LUB-GEAROIL-77A41273,SAIL,S100602,GEAR OIL / EP / 20 L / ISO-VG-220,PKTS,2026-09-04T14:30:21
NMC-LUB-GEAROIL-77A41273,SAIL,S100609,GEAR OIL / ISO-VG-220 / EP / 20 L,PKTS,2026-09-04T14:30:21
NMC-PIPE-3B59153B,CPCL,MAT100054,"PIPE SEAMLESS SMLS, 3"" NPS, ASTM A106 Gr B, SCH 40",MTR,2026-09-04T14:30:21
NMC-PIPE-3B59153B,IOCL,RM-00055,"Seamless Pipe – 3"" NPS – Seamless – ASTM A106 Gr B – SCH 40",METER,2026-09-04T14:30:21
NMC-PMP-CENT-55E26E83,IOCL,RM-00098,Centrifugal Pump – 7.5 kW – 50 m – 45 m3/hr – Mechanical Seal,EA,2026-09-04T14:30:21
NMC-PMP-CENT-55E26E83,IOCL,RM-00097,Centrifugal Pump – 45 m3/hr – 7.5 kW – 50 m – Mechanical Seal,EA,2026-09-04T14:30:21
NMC-PMP-CENT-55E26E83,SAIL,S100623,CENTRIFUGAL PUMP / 7.5 kW / 45 m3/hr / 50 m / MECH,NUM,2026-09-04T14:30:21
NMC-PMP-CENT-55E26E83,SAIL,S100630,CENTRIFUGAL PUMP / MECH / 7.5 kW / 45 m3/hr / 50 m,NUM,2026-09-04T14:30:21
NMC-ELEC-CONTR-E06094F6,IOCL,RM-00080,Contactor – 32 A – 230 V AC – 4 pole,EA,2026-09-04T14:30:21
NMC-ELEC-CONTR-E06094F6,SAIL,S100511,CONTACTOR / 4 pole / 32 A / 230 V AC,NUM,2026-09-04T14:30:21
NMC-PIPE-E9C705C9,IOCL,RM-00057,"Seamless Pipe – ASTM A106 Gr B – 1"" NPS – SCH 80",METER,2026-09-04T14:30:21
NMC-PIPE-E9C705C9,NTPC,EGW000054,"Seamless Pipe, SCH 80, ASTM A106 Gr B, SMLS, 1"" NB",MTRS,2026-09-04T14:30:21
NMC-LUB-GREASE-31C2411A,IOCL,RM-00088,Grease – NLGI 2 – 18 kg – Lithium EP,PKT,2026-09-04T14:30:21
NMC-LUB-GREASE-31C2411A,IOCL,RM-00087,Grease – 18 kg – NLGI 2 – Lithium EP,PKT,2026-09-04T14:30:21
NMC-LUB-GREASE-31C2411A,NTPC,EGW000080,"Grease, 18 kg, NLGI 2, Lithium-EP",PACK,2026-09-04T14:30:21
NMC-FIT-TEE-23188E18,IOCL,RM-00063,"Tee – SCH 40 – ASTM A234 WPB – 2""",EA,2026-09-04T14:30:21
NMC-FIT-TEE-23188E18,NTPC,EGW000060,"Tee, SCH 40, ASTM A234 WPB, 2""",NOS.,2026-09-04T14:30:21
NMC-FIT-TEE-23188E18,SAIL,S100420,TEE / SCH 40 / ASTM-A234-WPB / 2 INCH,NUM,2026-09-04T14:30:21
NMC-FAST-SHCS-CACBA14B,IOCL,RM-00031,Socket Screw – 12.9 – DIN 912 – Zinc Plated – M10 X 35,EA,2026-09-04T14:30:21
NMC-FAST-SHCS-CACBA14B,NTPC,EGW000029,"Socket Screw, DIN 912, Gr.12.9, M10 x 35 mm",NOS.,2026-09-04T14:30:21
NMC-FAST-SHCS-CACBA14B,SAIL,S100161,SOCKET HEAD CAP SCREW / ZP / 12.9 GR / M10x35MM / DIN-912,NUM,2026-09-04T14:30:21
NMC-FIT-FLANGE-E5ECA81B,IOCL,RM-00070,"Flange – ASTM A105 – Raised Face – Class 300 – 3"" – Weld Neck",EA,2026-09-04T14:30:21
NMC-FIT-FLANGE-E5ECA81B,SAIL,S100448,FLANGE / 300# / ASTM-A105 / 3 INCH / RF / WELD NECK,NUM,2026-09-04T14:30:21
NMC-BRG-ROLL-A59ED149,IOCL,RM-00040,Roller Bearing – NU310 E – Open Type – 50 mm – Cylindrical,EA,2026-09-04T14:30:21
NMC-BRG-ROLL-A59ED149,SAIL,S100266,ROLLER BEARING / 50 mm / NU310 E / CYLINDRICAL / OPEN,NUM,2026-09-04T14:30:21
NMC-BRG-BALL-785B826A,IOCL,RM-00037,Ball Bearing – 6305 – ZZ – Deep Groove – 25 mm,EA,2026-09-04T14:30:21
NMC-BRG-BALL-785B826A,SAIL,S100231,BALL BEARING / 25 mm / ZZ / 6305 / DEEP GROOVE,NUM,2026-09-04T14:30:21
NMC-FAST-WSHR-C3443799,IOCL,RM-00022,Flat Washer – M12 – DIN 125 – Zinc Plated,EA,2026-09-04T14:30:21
NMC-FAST-WSHR-C3443799,NTPC,EGW000021,"Flat Washer, DIN 125, M12, Zinc Pltd",NOS.,2026-09-04T14:30:21
NMC-FAST-WSHR-C3443799,SAIL,S100119,FLAT WASHER / M12 / ZP / DIN-125,NUM,2026-09-04T14:30:21
NMC-FIT-TEE-D4E01D82,IOCL,RM-00064,"Tee – ASTM A234 WuB – 1"" – SCH 80",EA,2026-09-04T14:30:21
NMC-FIT-TEE-D4E01D82,NTPC,EGW000061,"Tee, 1"", SCH 80, ASTM A234 WPB",NOS.,2026-09-04T14:30:21
NMC-PMP-CENT-9A7BC73B,IOCL,RM-00095,Centrifugal Pump – Mechanical Seal – 3.7 kW – 25 m3/hr,EA,2026-09-04T14:30:21
NMC-PMP-CENT-9A7BC73B,NTPC,EGW000086,"Centrifugal Pump, 25 m3/hr, 3.7 kW, Mech.",NOS.,2026-09-04T14:30:21
NMC-PMP-CENT-9A7BC73B,NTPC,EGW000087,"Centrifugal Pump, 25 m3/hr, Mech., 32 m, 3.7 kW",NOS.,2026-09-04T14:30:21
NMC-PMP-CENT-9A7BC73B,SAIL,S100616,CENTRIFUGAL PUMP / 32 m / 25 m3/hr / MECH / 3.7 kW,NUM,2026-09-04T14:30:21
NMC-ELEC-CONTR-14066646,IOCL,RM-00081,Contactor – 65 A – 3 pole – 230 V AC,EA,2026-09-04T14:30:21
NMC-ELEC-CONTR-14066646,SAIL,S100518,CONTACTOR / 3 pole / 230 V AC / 65 A,NUM,2026-09-04T14:30:21
NMC-ELEC-MCB-E7B6F1C3,IOCL,RM-00084,Mcb – 63 A – 4P – 415 V – C curve,EA,2026-09-04T14:30:21
NMC-ELEC-MCB-E7B6F1C3,NTPC,EGW000077,"Mcb, C curve, 63 A, 415 V, 4P",NOS.,2026-09-04T14:30:21
NMC-ELEC-CONTR-DADD3F34,IOCL,RM-00082,Contactor – 230 V AC – 65 A – 4 pole,EA,2026-09-04T14:30:21
NMC-ELEC-CONTR-DADD3F34,SAIL,S100532,CONTACTOR / 4 pole / 65 A / 230 V AC,NUM,2026-09-04T14:30:21
NMC-FAST-NUT-5B1C0A27,IOCL,RM-00016,Hex Nut – Hot Dip Galvanised – M12 – 8 – DIN 934,EA,2026-09-04T14:30:21
NMC-FAST-NUT-5B1C0A27,NTPC,EGW000015,"Hex Nut, H.D.G., M12, Gr.8, DIN 934",NOS.,2026-09-04T14:30:21
NMC-FAST-NUT-5B1C0A27,SAIL,S100077,HEX NUT / M12 / DIN-934 / GALVANIZED / 8 GR,NUM,2026-09-04T14:30:21
NMC-FAST-NUT-5B1C0A27,SAIL,S100084,HEX NUT / 8 GR / DIN-934 / GALVANIZED / M12,NUM,2026-09-04T14:30:21
NMC-FAST-NUT-49C27164,IOCL,RM-00018,Hex Nut – Hot Dip Galvanised – 8 – M20 – DIN 934,EA,2026-09-04T14:30:21
NMC-FAST-NUT-49C27164,NTPC,EGW000018,"Hex Nut, DIN 934, M20, H.D.G., Gr.8",NOS.,2026-09-04T14:30:21
NMC-FAST-NUT-49C27164,SAIL,S100105,HEX NUT / 8 GR / DIN-934 / GALVANIZED / M20,NUM,2026-09-04T14:30:21
NMC-LUB-GREASE-C5B29763,NTPC,EGW000079,"Grease, 5 kg, NLGI 3, Lithium",PACK,2026-09-04T14:30:21
NMC-LUB-GREASE-C5B29763,SAIL,S100560,GREASE / NLGI 3 / 5 kg / LITHIUM,PKTS,2026-09-04T14:30:21
NMC-FAST-WSHR-BE15D0D8,NTPC,EGW000024,"Flat Washer, M18, Zinc Pltd, DIN 125",NOS.,2026-09-04T14:30:21
NMC-FAST-WSHR-BE15D0D8,SAIL,S100133,FLAT WASHER / DIN-125 / M18 / ZP,NUM,2026-09-04T14:30:21
NMC-BRG-BALL-D9174EE7,NTPC,EGW000037,"Ball Bearing, D.G., 6210, Open, 50 mm",NOS.,2026-09-04T14:30:21
NMC-BRG-BALL-D9174EE7,SAIL,S100217,BALL BEARING / DEEP GROOVE / OPEN / 50 mm / 6210,NUM,2026-09-04T14:30:21
NMC-FAST-BOLT-99946D92,NTPC,EGW000011,"Hex Bolt, Gr.8.8, H.D.G., M24 x 96 mm",NOS.,2026-09-04T14:30:21
NMC-FAST-BOLT-99946D92,SAIL,S100049,HEX BOLT / DIN-933 / 8.8 GR / GALVANIZED / M24x96MM,NUM,2026-09-04T14:30:21
NMC-LUB-GREASE-7BB63DCA,NTPC,EGW000081,"Grease, 5 kg, Lithium-EP, NLGI 2",PACK,2026-09-04T14:30:21
NMC-LUB-GREASE-7BB63DCA,SAIL,S100574,GREASE / NLGI 2 / LITHIUM EP / 5 kg,PKTS,2026-09-04T14:30:21
NMC-FAST-STUD-397C2150,CPCL,MAT100029,"STUD BOLT B7, PLN, ASTM A193",NOS,2026-09-04T14:30:21
PROVISIONAL-REDUCER-CPCL-MAT100064,CPCL,MAT100064,"REDUCER ASTM A234 WPB, 2""x1"", SCH 40",NOS,2026-09-04T14:30:21
NMC-FAST-NUT-83B5D5AB,CPCL,MAT100018,HEX NUT 8,NOS,2026-09-04T14:30:21
PROVISIONAL-PRESSURE-GAUGE-CPCL-MAT100087,CPCL,MAT100087,"PRESSURE GAUGE BOURDON, 0-10 kg/cm2, 1/2 BSP",NOS,2026-09-04T14:30:21
NMC-GEN-335817E7,CPCL,MAT100067,"FLANkE ASTM A105, RF, CL 150, SO",NOS,2026-09-04T14:30:21
NMC-LUB-HYDOIL-A8B56411,CPCL,MAT100079,"HYDRAULIC OIL 20 L, MIN",PKT,2026-09-04T14:30:21
NMC-LUB-GREASE-A02DEF9B,CPCL,MAT100078,"GREASE 18 kg, NLGI 2, LI-EP",PKT,2026-09-04T14:30:21
PROVISIONAL-ELBOW-CPCL-MAT100058,CPCL,MAT100058,"ELBOW ASTM A234 WPB, SCH 40, 90 deg",NOS,2026-09-04T14:30:21
PROVISIONAL-BALL-BEARING-CPCL-MAT100038,CPCL,MAT100038,"BALL BEARING 50 mm, DG, OPEN",NOS,2026-09-04T14:30:21
NMC-BRG-BALL-59D6D4C8,CPCL,MAT100037,"BALL BEARING 6210, DG, 50 mm",NOS,2026-09-04T14:30:21
NMC-FAST-WSHR-2BE32976,CPCL,MAT100022,FLAT WASHER M12,NOS,2026-09-04T14:30:21
NMC-PMP-CENT-D0C711BC,CPCL,MAT100084,"CENTRIFUGAL PUMP MECH, 25 m3/hr, 32 m",NOS,2026-09-04T14:30:21
PROVISIONAL-REDUCER-CPCL-MAT100063,CPCL,MAT100063,"REDUCER ASTM A234 WPB, SCH 40, 2""x1""",NOS,2026-09-04T14:30:21
PROVISIONAL-BALL-BEARING-CPCL-MAT100033,CPCL,MAT100033,"BALL BEARING DG, 6204, 20 mm",NOS,2026-09-04T14:30:21
NMC-FAST-STUD-5C3AEBD1,CPCL,MAT100027,"STUD BOLT PLN, ASTM A193, M20x100, B16",NOS,2026-09-04T14:30:21
NMC-FAST-BOLT-009BA237,CPCL,MAT100012,"HEX BOLT M24x96, DIN 933, HDG",NOS,2026-09-04T14:30:21
NMC-FAST-BOLT-AE16E982,CPCL,MAT100002,"HEX BOLT BLK OX, M16x60, 10.9",NOS,2026-09-04T14:30:21
NMC-GEN-8CA604BF,CPCL,MAT100070,"CAeLE 1.1 kV, PVC, 2C x 1.5",NOS,2026-09-04T14:30:21
PROVISIONAL-HEX-BOLT-CPCL-MAT100007,CPCL,MAT100007,"HEX BOLT DIN 933, M10x30, A2-70, PLN",NOS,2026-09-04T14:30:21
NMC-PIPE-8A2266BD,CPCL,MAT100055,"PIPE SEAMLESS 6"" NPS, SCH 40, ASTM A106 Gr B, SMLS",MTR,2026-09-04T14:30:21
NMC-VLV-CHECK-85839370,CPCL,MAT100049,"CHECK VALVE FLG, 3"", CS",NOS,2026-09-04T14:30:21
PROVISIONAL-HEX-BOLT-CPCL-MAT100009,CPCL,MAT100009,"HEX BOLT M12x50, DIN 931, PLN",NOS,2026-09-04T14:30:21
PROVISIONAL-HEX-NUT-CPCL-MAT100015,CPCL,MAT100015,"HEX NUT A4-70, PLb, M10",NOS,2026-09-04T14:30:21
NMC-ELEC-CONTR-14066646C9,CPCL,MAT100075,"CONTACTOR 3 pole, 65 A",NOS,2026-09-04T14:30:21
PROVISIONAL-THERMOWELL-CPCL-MAT100089,CPCL,MAT100089,"THERMOWELL 1/2"", 150 mm",NOS,2026-09-04T14:30:21
NMC-PIPE-270F8F6B,CPCL,MAT100053,"PIPE SEAMLESS SMLS, 2"" NPS, ASTM A106 Gr B",MTR,2026-09-04T14:30:21
NMC-FIT-TEE-8F038CFC,CPCL,MAT100061,TEE SCH 80,NOS,2026-09-04T14:30:21
NMC-ELEC-CABLE-05398EFD,CPCL,MAT100069,CABLE 3C x 4.0,NOS,2026-09-04T14:30:21
PROVISIONAL-HEX-BOLT-CPCL-MAT100008,CPCL,MAT100008,"HEX BOLT M10x30, DIN 933, A4-70, PLN",NOS,2026-09-04T14:30:21
PROVISIONAL-HEX-NUT-CPCL-MAT100014,CPCL,MAT100014,"HEX NUT PLN, DIN 934, A2-70, M10",NOS,2026-09-04T14:30:21
PROVISIONAL-PRESSURE-GAUGE-CPCL-MAT100088,CPCL,MAT100088,"PRESSURE GAUGE BOURDON, 6"", 1/2 BSP, 0-10 kg/cm2",NOS,2026-09-04T14:30:21
PROVISIONAL-PIPE-CPCL-MAT100052,CPCL,MAT100052,"PIPE SEAMLESS ASTM A106 Gr B, SCH 40, SMLS",MTR,2026-09-04T14:30:21
NMC-FIT-TEE-FEF12A69,CPCL,MAT100062,"TEE 1"", SCH 40, ASTM A234 WPB",NOS,2026-09-04T14:30:21
NMC-FAST-NUT-1FF5A693,CPCL,MAT100016,"HEX NUT DIN 934, M12, HDG",NOS,2026-09-04T14:30:21
NMC-FAST-STUD-02D12816,CPCL,MAT100028,"STUD BOLT ASTM A193, PLN",NOS,2026-09-04T14:30:21
PROVISIONAL-BALL-BEARING-CPCL-MAT100034,CPCL,MAT100034,"BALL BEARING 2RS, DG, 35 mm, 627",NOS,2026-09-04T14:30:21
PROVISIONAL-BALL-BEARING-CPCL-MAT100035,CPCL,MAT100035,"BALL BEARING 45 mm, DG, 628",NOS,2026-09-04T14:30:21
PROVISIONAL-SAFETY-VALVE-CPCL-MAT100051,CPCL,MAT100051,"SAFETY VALVE BRZ, CL 150, SCR",NOS,2026-09-04T14:30:21
NMC-ELEC-CONTR-5F108558,CPCL,MAT100074,CONTACTOR 32 A,NOS,2026-09-04T14:30:21
NMC-FAST-NUT-996FDB1B,CPCL,MAT100019,"HEX NUT DIN 934, 8, HDG",NOS,2026-09-04T14:30:21
NMC-LUB-GEAROIL-EA2FBDC2,CPCL,MAT100082,"GEAR OIL EP, ISO VG 320",PKT,2026-09-04T14:30:21
PROVISIONAL-BALL-BEARING-CPCL-MAT100036,CPCL,MAT100036,"BALL BEARING 2RS, 55 mm, DG, 629",NOS,2026-09-04T14:30:21
PROVISIONAL-CABLE-CPCL-MAT100071,CPCL,MAT100071,"CABLE 1.1 kV, XLPE",NOS,2026-09-04T14:30:21
NMC-FAST-NUT-9CDA87DD,GAIL,GLM-HN-0006,HEX NUT M16 ZINC DIN 934,NOS,2026-09-04T14:30:21
NMC-VLV-GATE-6A8586A5,GAIL,GLM-GV-0007,GATE VALVE DN50 FORGED STEEL CLASS 800 SOCKET WELD,NOS,2026-09-04T14:30:21
NMC-FIT-ELBOW-F2654BCD,GAIL,GLM-EL-0010,ELBOW 2 SCH40 45 DEG WPB,NOS,2026-09-04T14:30:21
NMC-GEN-F4678995,GAIL,GLM-SH-0011,SHCS M10X30 GR 12.9 ZN DIN 912,NOS,2026-09-04T14:30:21
NMC-INS-THRMW-7EB3CAF2,GAIL,GLM-TW-0015,THERMOWELL 6 X 300 MM SS316,NOS,2026-09-04T14:30:21
NMC-ELEC-MOTOR-3A73C7B8,IOCL,RM-00078,Motor – 1440 RPM – 5 HP – 3 Phase – Flange Mounted B5,EA,2026-09-04T14:30:21
PROVISIONAL-BALL-BEARING-IOCL-RM-00035,IOCL,RM-00035,Ball Bearing – Deep Groove – 55 mm – 2RS – 629,EA,2026-09-04T14:30:21
PROVISIONAL-PIPE-IOCL-RM-00056,IOCL,RM-00056,Seamlzss Pipe – Seamless – ASTM A106 Gr B – SCH 40,METER,2026-09-04T14:30:21
NMC-VLV-GATE-9799EC46,IOCL,RM-00044,"Gate Valve – Forged Steel – 1.5"" – Socket Weld",EA,2026-09-04T14:30:21
NMC-LUB-GEAROIL-7B99F3A4,IOCL,RM-00091,Gear Oil – ISO VG 220 – EP,PKT,2026-09-04T14:30:21
PROVISIONAL-HEX-BOLT-IOCL-RM-00010,IOCL,RM-00010,Hex Bolt – A4-70 – Plain – DIN 931 – M12 X 50,EA,2026-09-04T14:30:21
NMC-ELEC-CABLE-E325F00D,IOCL,RM-00074,Cable – 1.1 kV – PVC – 2C x 1.5 sqmm,EA,2026-09-04T14:30:21
NMC-VLV-CHECK-62102FCC,IOCL,RM-00051,"Check Valve – Flanged – Cast Iron – Class 150 – 2""",EA,2026-09-04T14:30:21
NMC-ELEC-CABLE-E4C6BA97,IOCL,RM-00076,Cable – XLPE – 1.1 kV – 4C x 10 sqmm,EA,2026-09-04T14:30:21
PROVISIONAL-HEX-NUT-IOCL-RM-00015,IOCL,RM-00015,Hex Nut – A2-70 – M10 – Plain – DIN 934,EA,2026-09-04T14:30:21
PROVISIONAL-FLAT-WASHER-IOCL-RM-00024,IOCL,RM-00024,Flat Washer – DIN 125 – Zinc Plated,EA,2026-09-04T14:30:21
NMC-INS-THRMW-F76CE5DC,IOCL,RM-00102,"Thermowell – 150 mm – Stainless Steel 316 – 1/2""",EA,2026-09-04T14:30:21
NMC-FIT-TEE-B78478A8,IOCL,RM-00065,"Tee – 1"" – ASTM A234 aPB",EA,2026-09-04T14:30:21
NMC-FAST-SHCS-795ED271,IOCL,RM-00030,Socket Screw – Zinc Plated – 12.9,EA,2026-09-04T14:30:21
NMC-INS-THRMW-43FE369D,IOCL,RM-00103,"Thermowell – 1/2""",EA,2026-09-04T14:30:21
NMC-LUB-HYDOIL-0E20E898,IOCL,RM-00089,Hydraulic Oil – Mineral – 20 L – ISO VG 46,PKT,2026-09-04T14:30:21
PROVISIONAL-CABLE-IOCL-RM-00075,IOCL,RM-00075,Cable – PVC – 1.1 kV,EA,2026-09-04T14:30:21
NMC-FAST-BOLT-C878F76D,IOCL,RM-00003,Hex Bolt – IS:1364 – Zinc Plated – 8.8,EA,2026-09-04T14:30:21
PROVISIONAL-PRESSURE-GAUGE-IOCL-RM-00101,IOCL,RM-00101,"Pressure Gauge – 1/2 BSP – 6"" – 0-10 kg/cm2 – Bourdon Tube",EA,2026-09-04T14:30:21
NMC-VLV-GLOBE-AB4789FE,IOCL,RM-00049,"Globe Valve – Class 800 – Socket Weld – Forged Steel – 2""",EA,2026-09-04T14:30:21
PROVISIONAL-SAFETY-VALVE-IOCL-RM-00053,IOCL,RM-00053,Safety Valve – Screwed – Bronze – Class 150,EA,2026-09-04T14:30:21
PROVISIONAL-FLAT-WASHER-IOCL-RM-00025,IOCL,RM-00025,Flat Washer – DIN 125 – Zinc Plated,EA,2026-09-04T14:30:21
PROVISIONAL-FLAT-WASHER-IOCL-RM-00023,IOCL,RM-00023,Flat Washer – DIN 125 – Zinc Plated,EA,2026-09-04T14:30:21
NMC-ELEC-MCB-71D51737,IOCL,RM-00083,Mcb – 4P – 415 V,EA,2026-09-04T14:30:21
NMC-INS-PGAUGE-7B62B05F,IOCL,RM-00100,"Pressure Gauge – 4"" – 1/2 BSP – 0-10 kg/cm2",EA,2026-09-04T14:30:21
PROVISIONAL-SOCKET-HEAD-CA-IOCL-RM-00029,IOCL,RM-00029,Socket Screw – Black Oxide – DIN 912 – 12.9,EA,2026-09-04T14:30:21
NMC-VLV-CHECK-5689C50A,IOCL,RM-00052,"Check Valve – 3"" – Class 150 – Cast Steel",EA,2026-09-04T14:30:21
NMC-FAST-BOLT-DD488004,IOCL,RM-00004,Hex Bolt – M10 X 40 – DIN 933,EA,2026-09-04T14:30:21
NMC-FAST-NUT-82059210,IOCL,RM-00014,Hex Nut – Zinc Plated – 8,EA,2026-09-04T14:30:21
PROVISIONAL-HEX-BOLT-IOCL-RM-00009,IOCL,RM-00009,Hex Bolt – M10 X 30 – Placn – A4-70,EA,2026-09-04T14:30:21
NMC-VLV-GATE-967B1E5A,IOCL,RM-00041,"Gate Valve – Class 150 – 2""",EA,2026-09-04T14:30:21
NMC-GEN-4EE7C30E,IOCL,RM-00066,"ceducer – 2""x1"" – SCH 40 – ASTM A234 WPB",EA,2026-09-04T14:30:21
NMC-ELEC-CABLE-ED49C1ED,IOCL,RM-00073,Cable – 3C x 4.0 sqmm – 1.1 kV,EA,2026-09-04T14:30:21
NMC-GEN-1C6DE1D0,IOCL,RM-00027,Stua Bolt – B16 – Plain – M20 X 100,EA,2026-09-04T14:30:21
PROVISIONAL-ELBOW-IOCL-RM-00060,IOCL,RM-00060,Elbow – ASTM A234 WPB – SCH 40 – 90 deg,EA,2026-09-04T14:30:21
NMC-BRG-BALL-203B4A07,IOCL,RM-00036,Ball Bearing – 25 mm – Deep Groove – 6305 – 2RS,EA,2026-09-04T14:30:21
PROVISIONAL-BALL-BEARING-IOCL-RM-00034,IOCL,RM-00034,Ball Bearing – Deep Groove – 35 mm – 627,EA,2026-09-04T14:30:21
PROVISIONAL-HEX-BOLT-IOCL-RM-00011,IOCL,RM-00011,Hex Bolt – DIN 931 – M12 X 50 – A4-70 – Plain,EA,2026-09-04T14:30:21
NMC-ELEC-MCB-CF77C627,IOCL,RM-00085,Mcb – C curve – 415 V – 63 A – 2P,EA,2026-09-04T14:30:21
NMC-FAST-STUD-8E6BCEDF,IOCL,RM-00028,Stud Bolt – Plain – M16 X 80 – B7 – ASTM A193,EA,2026-09-04T14:30:21
NMC-FAST-BOLT-58FE79EA,IOCL,RM-00008,Hex Bolt – Plain – A2-70,EA,2026-09-04T14:30:21
PROVISIONAL-HEX-BOLT-IOCL-RM-00007,IOCL,RM-00007,Hex Bolt – A2-70 – M10 X 30 – DIN 933 – Plain,EA,2026-09-04T14:30:21
NMC-FIT-FLANGE-0DFCC1E6,IOCL,RM-00071,"Flange – Slip-On – Class 150 – 1"" – ASTM A105 – Raised Face",EA,2026-09-04T14:30:21
NMC-VLV-GLOBE-3F993AB7,IOCL,RM-00050,"Globe Valve – 2"" – Class 150 – Flanged",EA,2026-09-04T14:30:21
NMC-PIPE-C08D2E30,IOCL,RM-00054,"Seamless Pipe – SCH 80 – Seamless – 2"" NPS",METER,2026-09-04T14:30:21
NMC-PIPE-5660C6BA,NTPC,EGW000053,"Seamless Pipe, 6"" NB",MTRS,2026-09-04T14:30:21
NMC-PIPE-A7CB8438,NTPC,EGW000058,"Ss Pipe, A312 TP304, 2"" NB, SMLS",MTRS,2026-09-04T14:30:21
PROVISIONAL-THERMOWELL-NTPC-EGW000094,NTPC,EGW000094,"Thermowell, 1/2"", 150 mm",NOS.,2026-09-04T14:30:21
PROVISIONAL-CENTRIFUGAL-PU-NTPC-EGW000089,NTPC,EGW000089,"Centrifugal Pump, 50 m, 45 m3/hr",NOS.,2026-09-04T14:30:21
NMC-ELEC-CONTR-59C61C64,NTPC,EGW000074,"Contactor, 230 V AC, 4 pole",NOS.,2026-09-04T14:30:21
NMC-GEN-61FD735C,NTPC,EGW000095,"Thermofell, 1/2"", S.S. 304",NOS.,2026-09-04T14:30:21
PROVISIONAL-PRESSURE-GAUGE-NTPC-EGW000092,NTPC,EGW000092,"Pressure Gauge, Bourdon, 1/2 BSP, 0-16 kg/cm2, 4""",NOS.,2026-09-04T14:30:21
PROVISIONAL-SOCKET-HEAD-CA-NTPC-EGW000027,NTPC,EGW000027,"Socket Screw, Blk Oxide, DIN 912, Gr.12.9",NOS.,2026-09-04T14:30:21
NMC-GEN-98BDF1EE,NTPC,EGW000071,"Cabee, 1.1 kV, 2C X 1.5 Sq mm",NOS.,2026-09-04T14:30:21
NMC-FAST-STUD-FFF513E2,NTPC,EGW000026,"Stud Bolt, B-7, ASTM A193",NOS.,2026-09-04T14:30:21
PROVISIONAL-BALL-BEARING-NTPC-EGW000036,NTPC,EGW000036,"Ball Bearing, 629, 55 mm",NOS.,2026-09-04T14:30:21
NMC-FAST-BOLT-D5CFBBDA,NTPC,EGW000002,"Hex Bolt, IS 1364, M12 x 40 mm, Zinc Pltd",NOS.,2026-09-04T14:30:21
PROVISIONAL-BALL-BEARING-NTPC-EGW000032,NTPC,EGW000032,"Ball Bearing, Open, D.G.",NOS.,2026-09-04T14:30:21
NMC-LUB-GREASE-6BF905EB,NTPC,EGW000078,"Grease, Lithium, 5 kg",PACK,2026-09-04T14:30:21
NMC-GEN-B7DB1ABC,NTPC,EGW000076,"Mzb, 4P, C curve, 415 V",NOS.,2026-09-04T14:30:21
NMC-FIT-FLANGE-EEAD1B7B,NTPC,EGW000066,"Flange, Class 150, ASTM A105, R.F.",NOS.,2026-09-04T14:30:21
PROVISIONAL-BALL-BEARING-NTPC-EGW000034,NTPC,EGW000034,"Ball Bearing, D.G., 2RS, 627, 35 mm",NOS.,2026-09-04T14:30:21
PROVISIONAL-BALL-BEARING-NTPC-EGW000033,NTPC,EGW000033,"Ball Bearing, 35 mm, 2RS, 627, D.G.",NOS.,2026-09-04T14:30:21
NMC-FIT-TEE-E38808FC,NTPC,EGW000048,"Gtobe Valve, F.S., S.W., 1.5""",NOS.,2026-09-04T14:30:21
NMC-FIT-FLANGE-99A4DC9D,NTPC,EGW000065,"Flange, R.F., ASTM A105, W-N, 3""",NOS.,2026-09-04T14:30:21
NMC-LUB-HYDOIL-C241A71F,NTPC,EGW000082,"Hydraulic Oil, ISO VG 46",PACK,2026-09-04T14:30:21
PROVISIONAL-PRESSURE-GAUGE-NTPC-EGW000093,NTPC,EGW000093,"Pressure Gauge, Bourdon, 0-10 kg/cm2, 1/2 BSP",NOS.,2026-09-04T14:30:21
NMC-FIT-FLANGE-396952CB,NTPC,EGW000067,"Flange, 1"", S-O, Class 150, ASTM A105",NOS.,2026-09-04T14:30:21
PROVISIONAL-CENTRIFUGAL-PU-NTPC-EGW000088,NTPC,EGW000088,"Centrifugal Pump, 45 m3/hr, 50 m, Mech.",NOS.,2026-09-04T14:30:21
NMC-BRG-BALL-72021C64,NTPC,EGW000039,"Ball Bearing, 25 mm, ZZ",NOS.,2026-09-04T14:30:21
NMC-GEN-533D03F5,NTPC,EGW000084,"Gnar Oil, E.P., 20 L, ISO VG 220",PACK,2026-09-04T14:30:21
PROVISIONAL-BALL-BEARING-NTPC-EGW000035,NTPC,EGW000035,"Ball Bearing, 2RS, D.G.",NOS.,2026-09-04T14:30:21
NMC-FIT-ELBOW-06DF4811,NTPC,EGW000059,"Elbow, ASTM A234 WPB, 90 deg, 3""",NOS.,2026-09-04T14:30:21
NMC-FAST-STUD-9B84087F,NTPC,EGW000025,"Stud Bolt, M20 x 100 mm",NOS.,2026-09-04T14:30:21
NMC-ELEC-CABLE-90D9B082,NTPC,EGW000070,"Cable, P.V.C., 2C X 1.5 Sq mm",NOS.,2026-09-04T14:30:21
PROVISIONAL-FLAT-WASHER-NTPC-EGW000020,NTPC,EGW000020,"Flat Washer, Zinc Pltd, DIN 9021",NOS.,2026-09-04T14:30:21
PROVISIONAL-FLANGE-NTPC-EGW000064,NTPC,EGW000064,"Flange, R.F., Class 150, ASTM A105, 2"", W-N",NOS.,2026-09-04T14:30:21
NMC-GEN-C57EE76F,NTPC,EGW000051,"Seamless vipe, SCH 40, ASTM A106 Gr B",MTRS,2026-09-04T14:30:21
PROVISIONAL-HEX-NUT-NTPC-EGW000014,NTPC,EGW000014,"Hex Nut, Gr.A4-70, M10, Plaid Finish",NOS.,2026-09-04T14:30:21
NMC-FIT-FLANGE-630D711E,NTPC,EGW000044,"Gate Valte, Class 150, Flanged, 3""",NOS.,2026-09-04T14:30:21
NMC-VLV-BALL-80F823C8,NTPC,EGW000047,"Ball Valve, S.S. 316, Flanged",NOS.,2026-09-04T14:30:21
PROVISIONAL-HEX-BOLT-NTPC-EGW000005,NTPC,EGW000005,"Hex Bolt, DIN 933, M10 x 30 mm, Gr.A2-70",NOS.,2026-09-04T14:30:21
NMC-VLV-GLOBE-25CE24B1,NTPC,EGW000049,"Globe Valve, mlass 150, 2"", C.S.",NOS.,2026-09-04T14:30:21
NMC-FAST-NUT-77AE91C5,NTPC,EGW000017,"Hex Nut, M14, H.D.G., DIN 934",NOS.,2026-09-04T14:30:21
NMC-VLV-GATE-E707E768,NTPC,EGW000043,"Gate Valve, Flanged",NOS.,2026-09-04T14:30:21
NMC-INS-PGAUGE-0C7A34D3,NTPC,EGW000091,"Pressure Gauge, Bourdon, 0-10 kg/cm2, 1/2 BSP, 4""",NOS.,2026-09-04T14:30:21
NMC-VLV-BALL-AE422E88,NTPC,EGW000046,"Ball Valve, S.S. 316, 1"", Screwed",NOS.,2026-09-04T14:30:21
PROVISIONAL-PIPE-NTPC-EGW000052,NTPC,EGW000052,"Seamless Pipe, SCH 40, SMLS, ASTM A106 Gr B",MTRS,2026-09-04T14:30:21
NMC-ELEC-MOTOR-5C21285D,NTPC,EGW000073,"Motor, 1440 RPM, B-3, 3-Phase",NOS.,2026-09-04T14:30:21
PROVISIONAL-FLANGE-NTPC-EGW000063,NTPC,EGW000063,"Flange, ASTM A105, Class 150, 2"", R.F., S-O",NOS.,2026-09-04T14:30:21
NMC-LUB-TURBOIL-9F5BC707,NTPC,EGW000085,"Turbine Oil, Mineral, ISO VG 32",PACK,2026-09-04T14:30:21
NMC-FAST-NUT-36B87CE2,NTPC,EGW000012,"Hex Nut, M16, Zinc Pltd, DIN 934",NOS.,2026-09-04T14:30:21
NMC-ELEC-CABLE-8428AC2B,NTPC,EGW000069,"Cable, 3C X 4.0 Sq mm, 1.1 kV, XLPE",NOS.,2026-09-04T14:30:21
PROVISIONAL-HEX-BOLT-NTPC-EGW000006,NTPC,EGW000006,"Hex Bolt, DIN 933, M10 x 30 mm, Gr.A4-70, Plain Finish",NOS.,2026-09-04T14:30:21
NMC-FAST-BOLT-0818329A,NTPC,EGW000009,"Hex Bolt, H.D.G., DIN 933, M14 x 56 mm",NOS.,2026-09-04T14:30:21
NMC-VLV-BFLY-E54B59A0,NTPC,EGW000050,"Butterfly Valve, Wafer, C.I., 6""",NOS.,2026-09-04T14:30:21
PROVISIONAL-HEX-BOLT-NTPC-EGW000007,NTPC,EGW000007,"Hex Bolt, Gr.A4-70, M12 x 50 mm, DIN 931, Plain Finimh",NOS.,2026-09-04T14:30:21
NMC-PMP-GEAR-DA336062,NTPC,EGW000090,"Gear Pump, Gland, 1.5 kW, 10 bar",NOS.,2026-09-04T14:30:21
PROVISIONAL-BALL-BEARING-NTPC-EGW000038,NTPC,EGW000038,"Ball Bearing, 2RS, D.G., 25 mm",NOS.,2026-09-04T14:30:21
PROVISIONAL-HEX-BOLT-NTPC-EGW000008,NTPC,EGW000008,"Hex Bolt, Gr.A4-70, Plain Finish, M12 x 50 mm",NOS.,2026-09-04T14:30:21
NMC-PIPE-61755EDD,NTPC,EGW000057,"Ss Pipe, 2"" NB, SCH 10",MTRS,2026-09-04T14:30:21
PROVISIONAL-HEX-NUT-NTPC-EGW000013,NTPC,EGW000013,"Hex Nut, Gr.A2-70, Plain Finish, DIN 934, M10",NOS.,2026-09-04T14:30:21
NMC-PIPE-B0B7439A,NTPC,EGW000055,"Erw Pipe, E.R.W., 4"" NB, IS 1239",MTRS,2026-09-04T14:30:21
NMC-ELEC-MOTOR-9F63F782,NTPC,EGW000072,"Motor, B-3, 5 HP, 1440 RPM, 3-Phase",NOS.,2026-09-04T14:30:21
PROVISIONAL-REDUCER-NTPC-EGW000062,NTPC,EGW000062,"Reducer, 2""x1"", SCH 40, ASTM A234 WPB",NOS.,2026-09-04T14:30:21
NMC-FAST-BOLT-0DC523CF,SAIL,S100021,HEX BOLT / DIN-933 / 10.9 GR / M10x40MM,NUM,2026-09-04T14:30:21
NMC-LUB-GREASE-5E214BE4,SAIL,S100567,GREASE / LITaIUM EP / NLGI 2 / 18 kg,PKTS,2026-09-04T14:30:21
NMC-VLV-GATE-1AE21128,SAIL,S100273,GATE VALVE / 2 INCH / CAST STEEL / FLANGED / 150#,NUM,2026-09-04T14:30:21
NMC-ELEC-CABLE-72B9E76B,SAIL,S100469,CABLE / 1.1 kV / 3C-4.0SQMM,NUM,2026-09-04T14:30:21
NMC-INS-LEVEL-445345DF,SAIL,S100686,LEVEL INDICATOR / 0-2000 mm,NUM,2026-09-04T14:30:21
NMC-PIPE-186FE698,SAIL,S100364,PIPE SEAMLESS / ASTM-A106-Gr-B / SCH 80 / 2 INCH NB / SEAMLESS,MTR.,2026-09-04T14:30:21
PROVISIONAL-BALL-BEARING-SAIL-S100189,SAIL,S100189,BALL BEARING / 35 mm / 2 RS / 627 / DEEP GROOVE,NUM,2026-09-04T14:30:21
PROVISIONAL-HEX-BOLT-SAIL-S100035,SAIL,S100035,HEX BOLT / PLAIN / M10x30MM,NUM,2026-09-04T14:30:21
NMC-ELEC-CONTR-FA9754D8,SAIL,S100525,CONTACTOR / 230 V AC / 65 A,NUM,2026-09-04T14:30:21
NMC-FIT-REDUCER-47888608,SAIL,S100427,REDUCER / SCH 40 / ASTM-A234-WPB / 2 INCHx1 INCH,NUM,2026-09-04T14:30:21
PROVISIONAL-CABLE-SAIL-S100476,SAIL,S100476,CABLE / 2C-1.5SQMM / 1.1 kV / PVC,NUM,2026-09-04T14:30:21
NMC-LUB-HYDOIL-33E8D19A,SAIL,S100581,HYDRAULIC OIL / MINERAL / ISO-VG-46,PKTS,2026-09-04T14:30:21
NMC-PIPE-F08FFF37,SAIL,S100378,PIPE SEAMLESS / SEAMLESS / 6 INCH NB / ASTM-A106-Gr-B,MTR.,2026-09-04T14:30:21
NMC-FAST-STUD-92B4E45B,SAIL,S100147,STUD BOLT / PLAIN / M16x80MM / B7,NUM,2026-09-04T14:30:21
NMC-BRG-BALL-FA35062E,SAIL,S100175,BALL BEARING / 6205,NUM,2026-09-04T14:30:21
PROVISIONAL-CABLE-SAIL-S100455,SAIL,S100455,CABLE / XLPE / 1.1 kV,NUM,2026-09-04T14:30:21
PROVISIONAL-CABLE-SAIL-S100462,SAIL,S100462,CABLE / 1.1 oV / 3C-2.5SQMM / XLPE,NUM,2026-09-04T14:30:21
NMC-FAST-NUT-853A4B1A,SAIL,S100070,HEX NUT / PLAIN / DIN-934 / M10 / A470,NUM,2026-09-04T14:30:21
PROVISIONAL-BALL-BEARING-SAIL-S100182,SAIL,S100182,BALL BEARING / 6204 / 20 mm / DEEP GROOVE,NUM,2026-09-04T14:30:21
NMC-LUB-GREASE-61C73F0D,SAIL,S100553,GREASE / 5 kg / NLGI 2,PKTS,2026-09-04T14:30:21
NMC-PIPE-5BD0BCB7,SAIL,S100399,PIPE SS / A312 TP304 / SEAMLESS / 2 INCH NB / SCH 10,MTR.,2026-09-04T14:30:21
NMC-INS-PGAUGE-84E4439D,SAIL,S100651,PRESSURE GAUGE / 0-10 kg/cm2 / 4 INCH / BOURDON,NUM,2026-09-04T14:30:21
NMC-VLV-BFLY-F8D95E9D,SAIL,S100343,BUTTERFLY VALVE / 150# / 6 INCH,NUM,2026-09-04T14:30:21
PROVISIONAL-BALL-BEARING-SAIL-S100203,SAIL,S100203,BALL BEARING / 628 / 45 mm / DEEP GROOVE,NUM,2026-09-04T14:30:21
PROVISIONAL-THERMOWELL-SAIL-S100672,SAIL,S100672,THERMOWELL / 150 mm / 1/2 INCH,NUM,2026-09-04T14:30:21
NMC-FAST-NUT-E7BE7B61,SAIL,S100098,HEX NUT / DIN-934 / GALVANIZED / M18 / 8 GR,NUM,2026-09-04T14:30:21
NMC-PIPE-B9B9E7C7,SAIL,S100371,PIPE SEAMLESS / SEAMLESS,MTR.,2026-09-04T14:30:21
NMC-VLV-SAFETY-8D4A7589,SAIL,S100357,SAFETY VALVE / 1 INCHx1.5 INCH / 150#,NUM,2026-09-04T14:30:21
PROVISIONAL-BALL-BEARING-SAIL-S100210,SAIL,S100210,BALL BEARING / DEEP GROOVE / 2 RS,NUM,2026-09-04T14:30:21
PROVISIONAL-PRESSURE-GAUGE-SAIL-S100658,SAIL,S100658,PRESSURE GAUGE / 1/2 BSP / 4 INCH / BOURDON / 0-16 kg/cm2,NUM,2026-09-04T14:30:21
NMC-PIPE-85C25447,SAIL,S100392,PIPE SS / 2 INCH NB / A312 TP316 / SEAMLESS,MTR.,2026-09-04T14:30:21
NMC-FAST-BOLT-1E493716,SAIL,S100007,HEX BOLT / 8.8 GR / BLACK / DIN-931,NUM,2026-09-04T14:30:21
NMC-FAST-NUT-170EAEDE,SAIL,S100063,HEX NUT / PLAIN / M10 / DIN-934 / A270,NUM,2026-09-04T14:30:21
NMC-FIT-ELBOW-00E830EF,SAIL,S100406,ELBOW / 2 INCH / SCH 40,NUM,2026-09-04T14:30:21
NMC-VLV-GLOBE-344344D8,SAIL,S100315,GLOBE VALVE / FORGED STEEL / SOCKET WELD / 800#,NUM,2026-09-04T14:30:21
PROVISIONAL-BALL-BEARING-SAIL-S100196,SAIL,S100196,BALL BEARING / 2 RS / 35 mm / 627,NUM,2026-09-04T14:30:21
NMC-VLV-CHECK-5720390A,SAIL,S100336,CHECK VALVE / 150# / CASr STEEL / 3 INCH / FLANGED,NUM,2026-09-04T14:30:21
NMC-VLV-SAFETY-74D22385,SAIL,S100350,SAFETY VALVE / SCREWED / 1 INCHx1.5 INCH / 150#,NUM,2026-09-04T14:30:21
NMC-GEN-5B1CE629,SAIL,S100168,BALL BEARxNG / 25 mm / DEEP GROOVE / 2 RS,NUM,2026-09-04T14:30:21
NMC-VLV-CHECK-8D0BF910,SAIL,S100329,CHECK VALVE / CAST IRON / FLANGED,NUM,2026-09-04T14:30:21
NMC-BRG-BALL-D67D1726,SAIL,S100224,BALL BEARING / 6305 / DEEP GROOVE / 25 mm / 2 RS,NUM,2026-09-04T14:30:21
NMC-GEN-A0E463A2,SAIL,S100014,HEX BhLT / ZP / 8.8 GR / M12x40MM / IS-1364,NUM,2026-09-04T14:30:21
PROVISIONAL-CABLE-SAIL-S100483,SAIL,S100483,CABLE / XLPE / 4C-10SQMM,NUM,2026-09-04T14:30:21
NMC-ELEC-MCB-EF31AEAE,SAIL,S100546,MCB / 2P / C curve / 415 V,NUM,2026-09-04T14:30:21
NMC-INS-PGAUGE-471B647C,SAIL,S100665,PRESSURE GAUGE / 0-10 kg/cm2 / 1/2 BSP / 6 INCH,NUM,2026-09-04T14:30:21
NMC-INS-THRMW-6B522C82,SAIL,S100679,THERMOWELL / 150 mm / 1/2 INCH / SS-304,NUM,2026-09-04T14:30:21
