kind,reason,cpse,material_code,description,top_candidates,suggested_nmc,decision
record,missing-identity-attribute,NTPC,EGW000050,"Butterfly Valve, Wafer, C.I., 6""","CPCL/MAT100050 (sim 0.94): BUTTERFLY VALVE 6"", WAFER, CL 150, CI || GAIL/GLM-BF-0002 (sim 0.89): BUTTERFLY VALVE 6 INCH CI CLASS 150 WAFER TYPE || SAIL/S100343 (sim 0.73): BUTTERFLY VALVE / 150# / 6 INCH",NMC-VLV-BFLY-CBD4B276,
record,missing-identity-attribute,SAIL,S100343,BUTTERFLY VALVE / 150# / 6 INCH,"CPCL/MAT100050 (sim 0.79): BUTTERFLY VALVE 6"", WAFER, CL 150, CI || GAIL/GLM-BF-0002 (sim 0.77): BUTTERFLY VALVE 6 INCH CI CLASS 150 WAFER TYPE",NMC-VLV-BFLY-CBD4B276,
record,missing-identity-attribute,GAIL,GLM-GV-0007,GATE VALVE DN50 FORGED STEEL CLASS 800 SOCKET WELD,"IOCL/RM-00045 (sim 0.91): Gate Valve – Forged Steel – Socket Weld – 1.5"" – Class 800 || SAIL/S100287 (sim 0.89): GATE VALVE / SOCKET WELD / FORGED STEEL / 1.5 INCH / 800# || IOCL/RM-00044 (sim 0.88): Gate Valve – Forged Steel – 1.5"" – Socket Weld",NMC-VLV-GATE-62535D6F,
record,missing-identity-attribute,IOCL,RM-00044,"Gate Valve – Forged Steel – 1.5"" – Socket Weld","IOCL/RM-00045 (sim 0.94): Gate Valve – Forged Steel – Socket Weld – 1.5"" – Class 800 || SAIL/S100287 (sim 0.91): GATE VALVE / SOCKET WELD / FORGED STEEL / 1.5 INCH / 800# || CPCL/MAT100044 (sim 0.89): GATE VALVE CL 800, FS, SW, 1.5""",NMC-VLV-GATE-62535D6F,
record,missing-identity-attribute,SAIL,S100315,GLOBE VALVE / FORGED STEEL / SOCKET WELD / 800#,"SAIL/S100308 (sim 0.97): GLOBE VALVE / FORGED STEEL / SOCKET WELD / 1.5 INCH / 800# || CPCL/MAT100047 (sim 0.95): GLOBE VALVE FS, SW, CL 800, 1.5"" || IOCL/RM-00048 (sim 0.95): Globe Valve – Forged Steel – Socket Weld – Class 800 – 1.5""",NMC-VLV-GLOBE-519D5145,
record,missing-identity-attribute,CPCL,MAT100049,"CHECK VALVE FLG, 3"", CS","IOCL/RM-00052 (sim 0.79): Check Valve – 3"" – Class 150 – Cast Steel || SAIL/S100336 (sim 0.79): CHECK VALVE / 150# / CASr STEEL / 3 INCH / FLANGED",NMC-VLV-CHECK-5689C50A,
record,missing-identity-attribute,NTPC,EGW000047,"Ball Valve, S.S. 316, Flanged","IOCL/RM-00047 (sim 0.91): Ball Valve – Flanged – Stainless Steel 316 – 2"" – Class 800 || SAIL/S100301 (sim 0.86): BALL VALVE / 800# / SS-316 / FLANGED / 2 INCH || CPCL/MAT100045 (sim 0.80): BALL VALVE SS 316, CL 150, 1""",NMC-VLV-BALL-69ADE0C2,
record,missing-identity-attribute,CPCL,MAT100051,"SAFETY VALVE BRZ, CL 150, SCR",IOCL/RM-00053 (sim 0.96): Safety Valve – Screwed – Bronze – Class 150 || SAIL/S100350 (sim 0.77): SAFETY VALVE / SCREWED / 1 INCHx1.5 INCH / 150# || SAIL/S100357 (sim 0.72): SAFETY VALVE / 1 INCHx1.5 INCH / 150#,PROVISIONAL-SAFETY-VALVE-IOCL-RM-00053,
record,missing-identity-attribute,NTPC,EGW000043,"Gate Valve, Flanged","IOCL/RM-00043 (sim 0.84): Gate Valve – Class 300 – Cast Steel – 4"" – Flanged || SAIL/S100280 (sim 0.83): GATE VALVE / 3 INCH / 150# / CAST STEEL / FLANGED || CPCL/MAT100042 (sim 0.79): GATE VALVE CS, FLG, 3"", CL 150",NMC-VLV-GATE-225BC40F,
record,missing-identity-attribute,IOCL,RM-00050,"Globe Valve – 2"" – Class 150 – Flanged","CPCL/MAT100048 (sim 0.92): GLOBE VALVE FLG, 2"", CL 150, CS || SAIL/S100322 (sim 0.82): GLOBE VALVE / 150# / 2 INCH / FLAoGED / CAST STEEL || NTPC/EGW000049 (sim 0.66): Globe Valve, mlass 150, 2"", C.S.",NMC-VLV-GLOBE-4DDB30E4,
record,missing-identity-attribute,NTPC,EGW000049,"Globe Valve, mlass 150, 2"", C.S.","SAIL/S100322 (sim 0.86): GLOBE VALVE / 150# / 2 INCH / FLAoGED / CAST STEEL || CPCL/MAT100048 (sim 0.80): GLOBE VALVE FLG, 2"", CL 150, CS",NMC-VLV-GLOBE-4DDB30E4,
record,missing-identity-attribute,NTPC,EGW000046,"Ball Valve, S.S. 316, 1"", Screwed","SAIL/S100294 (sim 0.92): BALL VALVE / 1 INCH / SCREWED / SS-316 / 150# || IOCL/RM-00046 (sim 0.87): Ball Valve – Stainless Steel 316 – 1"" – Screwed – Class 150 || CPCL/MAT100045 (sim 0.84): BALL VALVE SS 316, CL 150, 1""",NMC-VLV-BALL-94148AE7,
record,missing-identity-attribute,SAIL,S100329,CHECK VALVE / CAST IRON / FLANGED,"IOCL/RM-00051 (sim 0.81): Check Valve – Flanged – Cast Iron – Class 150 – 2""",NMC-VLV-CHECK-62102FCC,
record,missing-identity-attribute,IOCL,RM-00053,Safety Valve – Screwed – Bronze – Class 150,SAIL/S100350 (sim 0.78): SAFETY VALVE / SCREWED / 1 INCHx1.5 INCH / 150# || SAIL/S100357 (sim 0.73): SAFETY VALVE / 1 INCHx1.5 INCH / 150#,NMC-VLV-SAFETY-74D22385,
record,missing-identity-attribute,SAIL,S100336,CHECK VALVE / 150# / CASr STEEL / 3 INCH / FLANGED,"SAIL/S100329 (sim 0.76): CHECK VALVE / CAST IRON / FLANGED || IOCL/RM-00052 (sim 0.70): Check Valve – 3"" – Class 150 – Cast Steel",NMC-VLV-CHECK-8D0BF910,
record,missing-identity-attribute,IOCL,RM-00041,"Gate Valve – Class 150 – 2""","SAIL/S100273 (sim 0.88): GATE VALVE / 2 INCH / CAST STEEL / FLANGED / 150# || NTPC/EGW000043 (sim 0.66): Gate Valve, Flanged",NMC-VLV-GATE-1AE21128,
record,missing-identity-attribute,SAIL,S100357,SAFETY VALVE / 1 INCHx1.5 INCH / 150#,SAIL/S100350 (sim 0.96): SAFETY VALVE / SCREWED / 1 INCHx1.5 INCH / 150#,NMC-VLV-SAFETY-74D22385,
record,missing-identity-attribute,IOCL,RM-00004,Hex Bolt – M10 X 40 – DIN 933,"SAIL/S100021 (sim 0.94): HEX BOLT / DIN-933 / 10.9 GR / M10x40MM || IOCL/RM-00005 (sim 0.83): Hex Bolt – 8.8 – Hot Dip Galvanised – DIN 933 – M10 X 40 || CPCL/MAT100005 (sim 0.75): HEX BOLT 8.8, HDG, DIN 933, M10x40",NMC-FAST-BOLT-0DC523CF,
record,missing-identity-attribute,CPCL,MAT100018,HEX NUT 8,"IOCL/RM-00014 (sim 0.76): Hex Nut – Zinc Plated – 8 || CPCL/MAT100013 (sim 0.73): HEX NUT DIN 934, 8, M16 || CPCL/MAT100015 (sim 0.72): HEX NUT A4-70, PLb, M10",NMC-FAST-NUT-82059210,
record,missing-identity-attribute,CPCL,MAT100019,"HEX NUT DIN 934, 8, HDG","CPCL/MAT100017 (sim 0.97): HEX NUT M14, DIN 934, 8, HDG || NTPC/EGW000017 (sim 0.95): Hex Nut, M14, H.D.G., DIN 934 || IOCL/RM-00018 (sim 0.94): Hex Nut – Hot Dip Galvanised – 8 – M20 – DIN 934",NMC-FAST-NUT-69E933C6,
record,missing-identity-attribute,GAIL,GLM-HN-0006,HEX NUT M16 ZINC DIN 934,"IOCL/RM-00013 (sim 0.95): Hex Nut – Zinc Plated – DIN 934 – 8 – M16 || NTPC/EGW000012 (sim 0.93): Hex Nut, M16, Zinc Pltd, DIN 934 || SAIL/S100056 (sim 0.90): HEX NUT / M16 / ZP / 8 GR / DIN-934",NMC-FAST-NUT-36F25EB4,
record,missing-identity-attribute,IOCL,RM-00014,Hex Nut – Zinc Plated – 8,"IOCL/RM-00013 (sim 0.83): Hex Nut – Zinc Plated – DIN 934 – 8 – M16 || NTPC/EGW000012 (sim 0.82): Hex Nut, M16, Zinc Pltd, DIN 934 || SAIL/S100056 (sim 0.80): HEX NUT / M16 / ZP / 8 GR / DIN-934",NMC-FAST-NUT-36F25EB4,
record,missing-identity-attribute,NTPC,EGW000012,"Hex Nut, M16, Zinc Pltd, DIN 934","SAIL/S100056 (sim 0.95): HEX NUT / M16 / ZP / 8 GR / DIN-934 || IOCL/RM-00013 (sim 0.94): Hex Nut – Zinc Plated – DIN 934 – 8 – M16 || CPCL/MAT100013 (sim 0.85): HEX NUT DIN 934, 8, M16",NMC-FAST-NUT-36F25EB4,
record,missing-identity-attribute,IOCL,RM-00024,Flat Washer – DIN 125 – Zinc Plated,IOCL/RM-00023 (sim 1.00): Flat Washer – DIN 125 – Zinc Plated || IOCL/RM-00025 (sim 1.00): Flat Washer – DIN 125 – Zinc Plated || IOCL/RM-00020 (sim 0.97): Flat Washer – DIN 125 – M10 – Zinc Plated,PROVISIONAL-FLAT-WASHER-IOCL-RM-00023,
record,missing-identity-attribute,IOCL,RM-00025,Flat Washer – DIN 125 – Zinc Plated,IOCL/RM-00023 (sim 1.00): Flat Washer – DIN 125 – Zinc Plated || IOCL/RM-00020 (sim 0.97): Flat Washer – DIN 125 – M10 – Zinc Plated || IOCL/RM-00022 (sim 0.97): Flat Washer – M12 – DIN 125 – Zinc Plated,PROVISIONAL-FLAT-WASHER-IOCL-RM-00023,
record,missing-identity-attribute,IOCL,RM-00023,Flat Washer – DIN 125 – Zinc Plated,IOCL/RM-00020 (sim 0.97): Flat Washer – DIN 125 – M10 – Zinc Plated || IOCL/RM-00022 (sim 0.97): Flat Washer – M12 – DIN 125 – Zinc Plated || IOCL/RM-00019 (sim 0.97): Flat Washer – M16 – DIN 125 – Zinc Plated,NMC-FAST-WSHR-050B2B5D,
record,missing-identity-attribute,CPCL,MAT100029,"STUD BOLT B7, PLN, ASTM A193","NTPC/EGW000026 (sim 0.97): Stud Bolt, B-7, ASTM A193 || CPCL/MAT100025 (sim 0.96): STUD BOLT M20x100, PLN, B7, ASTM A193 || CPCL/MAT100028 (sim 0.96): STUD BOLT ASTM A193, PLN",NMC-FAST-STUD-FFF513E2,
record,missing-identity-attribute,IOCL,RM-00030,Socket Screw – Zinc Plated – 12.9,"CPCL/MAT100030 (sim 0.92): SOCKET HEAD CAP SCREW ZN, 12.9, M10x30, DIN 912 || NTPC/EGW000028 (sim 0.89): Socket Screw, Zinc Pltd, Gr.12.9, M10 x 30 mm || IOCL/RM-00031 (sim 0.88): Socket Screw – 12.9 – DIN 912 – Zinc Plated – M10 X 35",NMC-FAST-SHCS-DD191B7B,
record,missing-identity-attribute,CPCL,MAT100028,"STUD BOLT ASTM A193, PLN","CPCL/MAT100027 (sim 0.94): STUD BOLT PLN, ASTM A193, M20x100, B16 || NTPC/EGW000026 (sim 0.93): Stud Bolt, B-7, ASTM A193 || IOCL/RM-00028 (sim 0.93): Stud Bolt – Plain – M16 X 80 – B7 – ASTM A193",NMC-FAST-STUD-5C3AEBD1,
record,missing-identity-attribute,NTPC,EGW000026,"Stud Bolt, B-7, ASTM A193","IOCL/RM-00026 (sim 0.94): Stud Bolt – ASTM A193 – M20 X 100 – B7 || CPCL/MAT100025 (sim 0.93): STUD BOLT M20x100, PLN, B7, ASTM A193 || IOCL/RM-00028 (sim 0.93): Stud Bolt – Plain – M16 X 80 – B7 – ASTM A193",NMC-FAST-STUD-35740701,
record,missing-identity-attribute,NTPC,EGW000025,"Stud Bolt, M20 x 100 mm","SAIL/S100140 (sim 0.91): STUD BOLT / M20x100MM / B7 / PLAIN || CPCL/MAT100026 (sim 0.90): STUD BOLT M20x100, B7 || IOCL/RM-00026 (sim 0.85): Stud Bolt – ASTM A193 – M20 X 100 – B7",NMC-FAST-STUD-8F8EAA6E,
record,missing-identity-attribute,CPCL,MAT100022,FLAT WASHER M12,"SAIL/S100119 (sim 0.77): FLAT WASHER / M12 / ZP / DIN-125 || NTPC/EGW000021 (sim 0.73): Flat Washer, DIN 125, M12, Zinc Pltd || IOCL/RM-00022 (sim 0.72): Flat Washer – M12 – DIN 125 – Zinc Plated",NMC-FAST-WSHR-C3443799,
record,missing-identity-attribute,CPCL,MAT100012,"HEX BOLT M24x96, DIN 933, HDG","SAIL/S100049 (sim 0.92): HEX BOLT / DIN-933 / 8.8 GR / GALVANIZED / M24x96MM || NTPC/EGW000011 (sim 0.88): Hex Bolt, Gr.8.8, H.D.G., M24 x 96 mm",NMC-FAST-BOLT-99946D92,
record,missing-identity-attribute,NTPC,EGW000009,"Hex Bolt, H.D.G., DIN 933, M14 x 56 mm","IOCL/RM-00012 (sim 0.91): Hex Bolt – Hot Dip Galvanised – 8.8 – M14 X 56 – DIN 933 || CPCL/MAT100010 (sim 0.86): HEX BOLT HDG, M14x56, 8.8",NMC-FAST-BOLT-F7230951,
record,missing-identity-attribute,IOCL,RM-00003,Hex Bolt – IS:1364 – Zinc Plated – 8.8,"CPCL/MAT100004 (sim 0.98): HEX BOLT IS 1364, 8.8, M12x45, ZN || NTPC/EGW000003 (sim 0.97): Hex Bolt, IS 1364, M12 x 45 mm, Gr.8.8, Zinc Pltd || GAIL/GLM-HB-0013 (sim 0.95): HEX BOLT M12X45 8.8 ZN IS 1364",NMC-FAST-BOLT-D2B8639C,
record,missing-identity-attribute,CPCL,MAT100007,"HEX BOLT DIN 933, M10x30, A2-70, PLN","CPCL/MAT100008 (sim 0.98): HEX BOLT M10x30, DIN 933, A4-70, PLN || NTPC/EGW000006 (sim 0.97): Hex Bolt, DIN 933, M10 x 30 mm, Gr.A4-70, Plain Finish || NTPC/EGW000005 (sim 0.95): Hex Bolt, DIN 933, M10 x 30 mm, Gr.A2-70",PROVISIONAL-HEX-BOLT-CPCL-MAT100008,
record,missing-identity-attribute,CPCL,MAT100009,"HEX BOLT M12x50, DIN 931, PLN","IOCL/RM-00011 (sim 0.94): Hex Bolt – DIN 931 – M12 X 50 – A4-70 – Plain || IOCL/RM-00010 (sim 0.93): Hex Bolt – A4-70 – Plain – DIN 931 – M12 X 50 || NTPC/EGW000007 (sim 0.89): Hex Bolt, Gr.A4-70, M12 x 50 mm, DIN 931, Plain Finimh",PROVISIONAL-HEX-BOLT-IOCL-RM-00011,
record,missing-identity-attribute,CPCL,MAT100015,"HEX NUT A4-70, PLb, M10","NTPC/EGW000013 (sim 0.82): Hex Nut, Gr.A2-70, Plain Finish, DIN 934, M10 || CPCL/MAT100014 (sim 0.80): HEX NUT PLN, DIN 934, A2-70, M10 || NTPC/EGW000014 (sim 0.78): Hex Nut, Gr.A4-70, M10, Plaid Finish",PROVISIONAL-HEX-NUT-NTPC-EGW000013,
record,missing-identity-attribute,NTPC,EGW000002,"Hex Bolt, IS 1364, M12 x 40 mm, Zinc Pltd","CPCL/MAT100003 (sim 0.93): HEX BOLT ZN, 8.8, mS 1364, M12x40 || IOCL/RM-00002 (sim 0.89): Hex Bolt – M12 X 40 – 8.8 – Zinc Plated",NMC-FAST-BOLT-0300BDD8,
record,missing-identity-attribute,CPCL,MAT100008,"HEX BOLT M10x30, DIN 933, A4-70, PLN","NTPC/EGW000006 (sim 0.98): Hex Bolt, DIN 933, M10 x 30 mm, Gr.A4-70, Plain Finish || IOCL/RM-00007 (sim 0.94): Hex Bolt – A2-70 – M10 X 30 – DIN 933 – Plain || NTPC/EGW000005 (sim 0.94): Hex Bolt, DIN 933, M10 x 30 mm, Gr.A2-70",PROVISIONAL-HEX-BOLT-NTPC-EGW000006,
record,missing-identity-attribute,CPCL,MAT100014,"HEX NUT PLN, DIN 934, A2-70, M10","NTPC/EGW000013 (sim 0.98): Hex Nut, Gr.A2-70, Plain Finish, DIN 934, M10 || IOCL/RM-00015 (sim 0.94): Hex Nut – A2-70 – M10 – Plain – DIN 934 || NTPC/EGW000014 (sim 0.75): Hex Nut, Gr.A4-70, M10, Plaid Finish",PROVISIONAL-HEX-NUT-NTPC-EGW000013,
record,missing-identity-attribute,CPCL,MAT100016,"HEX NUT DIN 934, M12, HDG","CPCL/MAT100019 (sim 0.98): HEX NUT DIN 934, 8, HDG || NTPC/EGW000015 (sim 0.95): Hex Nut, H.D.G., M12, Gr.8, DIN 934 || IOCL/RM-00016 (sim 0.93): Hex Nut – Hot Dip Galvanised – M12 – 8 – DIN 934",NMC-FAST-NUT-996FDB1B,
record,missing-identity-attribute,SAIL,S100007,HEX BOLT / 8.8 GR / BLACK / DIN-931,"IOCL/RM-00001 (sim 0.93): Hex Bolt – M16 X 60 – 8.8 – DIN 931 – Black Oxide || CPCL/MAT100001 (sim 0.87): HEX BOLT DIN 931, 8.8, M16x60 || NTPC/EGW000001 (sim 0.83): Hex Bolt, Blk Oxide, Gr.8.8, M16 x 60 mm",NMC-FAST-BOLT-98E41B45,
record,missing-identity-attribute,NTPC,EGW000017,"Hex Nut, M14, H.D.G., DIN 934","CPCL/MAT100017 (sim 0.98): HEX NUT M14, DIN 934, 8, HDG || SAIL/S100091 (sim 0.93): HEX NUT / GALVANIZED / M14 / 8 GR / DIN-934 || IOCL/RM-00017 (sim 0.92): Hex Nut – Hot Dip Galvanised – 8 – DIN 934 – M14",NMC-FAST-NUT-69E933C6,
record,missing-identity-attribute,IOCL,RM-00008,Hex Bolt – Plain – A2-70,"NTPC/EGW000008 (sim 0.88): Hex Bolt, Gr.A4-70, Plain Finish, M12 x 50 mm || SAIL/S100035 (sim 0.81): HEX BOLT / PLAIN / M10x30MM || NTPC/EGW000006 (sim 0.79): Hex Bolt, DIN 933, M10 x 30 mm, Gr.A4-70, Plain Finish",PROVISIONAL-HEX-BOLT-NTPC-EGW000008,
record,missing-identity-attribute,IOCL,RM-00010,Hex Bolt – A4-70 – Plain – DIN 931 – M12 X 50,"IOCL/RM-00011 (sim 0.98): Hex Bolt – DIN 931 – M12 X 50 – A4-70 – Plain || NTPC/EGW000007 (sim 0.87): Hex Bolt, Gr.A4-70, M12 x 50 mm, DIN 931, Plain Finimh || NTPC/EGW000008 (sim 0.80): Hex Bolt, Gr.A4-70, Plain Finish, M12 x 50 mm",PROVISIONAL-HEX-BOLT-IOCL-RM-00011,
record,missing-identity-attribute,IOCL,RM-00015,Hex Nut – A2-70 – M10 – Plain – DIN 934,"NTPC/EGW000013 (sim 0.93): Hex Nut, Gr.A2-70, Plain Finish, DIN 934, M10 || NTPC/EGW000014 (sim 0.66): Hex Nut, Gr.A4-70, M10, Plaid Finish",PROVISIONAL-HEX-NUT-NTPC-EGW000013,
record,missing-identity-attribute,IOCL,RM-00029,Socket Screw – Black Oxide – DIN 912 – 12.9,"NTPC/EGW000027 (sim 0.94): Socket Screw, Blk Oxide, DIN 912, Gr.12.9 || NTPC/EGW000029 (sim 0.85): Socket Screw, DIN 912, Gr.12.9, M10 x 35 mm",PROVISIONAL-SOCKET-HEAD-CA-NTPC-EGW000027,
record,missing-identity-attribute,IOCL,RM-00009,Hex Bolt – M10 X 30 – Placn – A4-70,"SAIL/S100035 (sim 0.83): HEX BOLT / PLAIN / M10x30MM || IOCL/RM-00008 (sim 0.82): Hex Bolt – Plain – A2-70 || NTPC/EGW000005 (sim 0.77): Hex Bolt, DIN 933, M10 x 30 mm, Gr.A2-70",PROVISIONAL-HEX-BOLT-SAIL-S100035,
record,missing-identity-attribute,IOCL,RM-00011,Hex Bolt – DIN 931 – M12 X 50 – A4-70 – Plain,"NTPC/EGW000007 (sim 0.87): Hex Bolt, Gr.A4-70, M12 x 50 mm, DIN 931, Plain Finimh || NTPC/EGW000008 (sim 0.83): Hex Bolt, Gr.A4-70, Plain Finish, M12 x 50 mm || IOCL/RM-00008 (sim 0.81): Hex Bolt – Plain – A2-70",PROVISIONAL-HEX-BOLT-NTPC-EGW000007,
record,missing-identity-attribute,IOCL,RM-00007,Hex Bolt – A2-70 – M10 X 30 – DIN 933 – Plain,"NTPC/EGW000006 (sim 0.92): Hex Bolt, DIN 933, M10 x 30 mm, Gr.A4-70, Plain Finish || NTPC/EGW000005 (sim 0.90): Hex Bolt, DIN 933, M10 x 30 mm, Gr.A2-70 || SAIL/S100035 (sim 0.77): HEX BOLT / PLAIN / M10x30MM",PROVISIONAL-HEX-BOLT-NTPC-EGW000006,
record,missing-identity-attribute,NTPC,EGW000027,"Socket Screw, Blk Oxide, DIN 912, Gr.12.9","NTPC/EGW000029 (sim 0.90): Socket Screw, DIN 912, Gr.12.9, M10 x 35 mm",NMC-FAST-SHCS-CACBA14B,
record,missing-identity-attribute,NTPC,EGW000014,"Hex Nut, Gr.A4-70, M10, Plaid Finish","NTPC/EGW000013 (sim 0.77): Hex Nut, Gr.A2-70, Plain Finish, DIN 934, M10 || SAIL/S100063 (sim 0.69): HEX NUT / PLAIN / M10 / DIN-934 / A270 || SAIL/S100070 (sim 0.67): HEX NUT / PLAIN / DIN-934 / M10 / A470",PROVISIONAL-HEX-NUT-NTPC-EGW000013,
record,missing-identity-attribute,NTPC,EGW000005,"Hex Bolt, DIN 933, M10 x 30 mm, Gr.A2-70","NTPC/EGW000006 (sim 0.97): Hex Bolt, DIN 933, M10 x 30 mm, Gr.A4-70, Plain Finish || SAIL/S100035 (sim 0.78): HEX BOLT / PLAIN / M10x30MM",PROVISIONAL-HEX-BOLT-NTPC-EGW000006,
record,missing-identity-attribute,NTPC,EGW000006,"Hex Bolt, DIN 933, M10 x 30 mm, Gr.A4-70, Plain Finish",SAIL/S100035 (sim 0.79): HEX BOLT / PLAIN / M10x30MM,PROVISIONAL-HEX-BOLT-SAIL-S100035,
record,missing-identity-attribute,NTPC,EGW000007,"Hex Bolt, Gr.A4-70, M12 x 50 mm, DIN 931, Plain Finimh","NTPC/EGW000008 (sim 0.86): Hex Bolt, Gr.A4-70, Plain Finish, M12 x 50 mm",PROVISIONAL-HEX-BOLT-NTPC-EGW000008,
record,missing-identity-attribute,CPCL,MAT100035,"BALL BEARING 45 mm, DG, 628","SAIL/S100203 (sim 0.96): BALL BEARING / 628 / 45 mm / DEEP GROOVE || NTPC/EGW000037 (sim 0.94): Ball Bearing, D.G., 6210, Open, 50 mm || IOCL/RM-00034 (sim 0.94): Ball Bearing – Deep Groove – 35 mm – 627",PROVISIONAL-BALL-BEARING-SAIL-S100203,
record,missing-identity-attribute,IOCL,RM-00034,Ball Bearing – Deep Groove – 35 mm – 627,"SAIL/S100189 (sim 0.94): BALL BEARING / 35 mm / 2 RS / 627 / DEEP GROOVE || SAIL/S100203 (sim 0.93): BALL BEARING / 628 / 45 mm / DEEP GROOVE || NTPC/EGW000034 (sim 0.90): Ball Bearing, D.G., 2RS, 627, 35 mm",PROVISIONAL-BALL-BEARING-SAIL-S100189,
record,missing-identity-attribute,NTPC,EGW000036,"Ball Bearing, 629, 55 mm","SAIL/S100196 (sim 0.92): BALL BEARING / 2 RS / 35 mm / 627 || NTPC/EGW000037 (sim 0.89): Ball Bearing, D.G., 6210, Open, 50 mm || SAIL/S100217 (sim 0.88): BALL BEARING / DEEP GROOVE / OPEN / 50 mm / 6210",PROVISIONAL-BALL-BEARING-SAIL-S100196,
record,missing-identity-attribute,NTPC,EGW000039,"Ball Bearing, 25 mm, ZZ","NTPC/EGW000031 (sim 0.89): Ball Bearing, ZZ, 25 mm, D.G., 6205 || IOCL/RM-00037 (sim 0.88): Ball Bearing – 6305 – ZZ – Deep Groove – 25 mm || SAIL/S100231 (sim 0.87): BALL BEARING / 25 mm / ZZ / 6305 / DEEP GROOVE",NMC-BRG-BALL-B63F592A,
record,missing-identity-attribute,SAIL,S100189,BALL BEARING / 35 mm / 2 RS / 627 / DEEP GROOVE,SAIL/S100203 (sim 0.96): BALL BEARING / 628 / 45 mm / DEEP GROOVE || SAIL/S100224 (sim 0.94): BALL BEARING / 6305 / DEEP GROOVE / 25 mm / 2 RS || SAIL/S100182 (sim 0.92): BALL BEARING / 6204 / 20 mm / DEEP GROOVE,PROVISIONAL-BALL-BEARING-SAIL-S100203,
record,missing-identity-attribute,SAIL,S100175,BALL BEARING / 6205,"GAIL/GLM-BB-0003 (sim 0.90): BALL BEARING 6205 ZZ || NTPC/EGW000030 (sim 0.85): Ball Bearing, D.G., 2RS, 6205 || IOCL/RM-00032 (sim 0.82): Ball Bearing – 2RS – Deep Groove – 6205",NMC-BRG-BALL-B63F592A,
record,missing-identity-attribute,SAIL,S100203,BALL BEARING / 628 / 45 mm / DEEP GROOVE,"SAIL/S100217 (sim 0.95): BALL BEARING / DEEP GROOVE / OPEN / 50 mm / 6210 || NTPC/EGW000037 (sim 0.94): Ball Bearing, D.G., 6210, Open, 50 mm || SAIL/S100231 (sim 0.92): BALL BEARING / 25 mm / ZZ / 6305 / DEEP GROOVE",NMC-BRG-BALL-D9174EE7,
record,missing-identity-attribute,SAIL,S100210,BALL BEARING / DEEP GROOVE / 2 RS,"SAIL/S100224 (sim 0.91): BALL BEARING / 6305 / DEEP GROOVE / 25 mm / 2 RS || SAIL/S100217 (sim 0.86): BALL BEARING / DEEP GROOVE / OPEN / 50 mm / 6210 || CPCL/MAT100031 (sim 0.85): BALL BEARING 2RS, 25 mm, 6205, DG",NMC-BRG-BALL-D67D1726,
record,missing-identity-attribute,SAIL,S100196,BALL BEARING / 2 RS / 35 mm / 627,"SAIL/S100224 (sim 0.88): BALL BEARING / 6305 / DEEP GROOVE / 25 mm / 2 RS || SAIL/S100217 (sim 0.84): BALL BEARING / DEEP GROOVE / OPEN / 50 mm / 6210 || NTPC/EGW000037 (sim 0.82): Ball Bearing, D.G., 6210, Open, 50 mm",NMC-BRG-BALL-D67D1726,
record,missing-identity-attribute,CPCL,MAT100038,"BALL BEARING 50 mm, DG, OPEN","SAIL/S100217 (sim 0.92): BALL BEARING / DEEP GROOVE / OPEN / 50 mm / 6210 || NTPC/EGW000037 (sim 0.92): Ball Bearing, D.G., 6210, Open, 50 mm || CPCL/MAT100037 (sim 0.90): BALL BEARING 6210, DG, 50 mm",NMC-BRG-BALL-D9174EE7,
record,missing-identity-attribute,CPCL,MAT100037,"BALL BEARING 6210, DG, 50 mm","CPCL/MAT100035 (sim 0.97): BALL BEARING 45 mm, DG, 628 || NTPC/EGW000037 (sim 0.96): Ball Bearing, D.G., 6210, Open, 50 mm || SAIL/S100203 (sim 0.95): BALL BEARING / 628 / 45 mm / DEEP GROOVE",PROVISIONAL-BALL-BEARING-CPCL-MAT100035,
record,missing-identity-attribute,CPCL,MAT100033,"BALL BEARING DG, 6204, 20 mm","SAIL/S100182 (sim 0.97): BALL BEARING / 6204 / 20 mm / DEEP GROOVE || SAIL/S100203 (sim 0.93): BALL BEARING / 628 / 45 mm / DEEP GROOVE || CPCL/MAT100035 (sim 0.92): BALL BEARING 45 mm, DG, 628",PROVISIONAL-BALL-BEARING-SAIL-S100182,
record,missing-identity-attribute,CPCL,MAT100034,"BALL BEARING 2RS, DG, 35 mm, 627","CPCL/MAT100036 (sim 0.98): BALL BEARING 2RS, 55 mm, DG, 629 || NTPC/EGW000034 (sim 0.97): Ball Bearing, D.G., 2RS, 627, 35 mm || NTPC/EGW000033 (sim 0.95): Ball Bearing, 35 mm, 2RS, 627, D.G.",PROVISIONAL-BALL-BEARING-CPCL-MAT100036,
record,missing-identity-attribute,CPCL,MAT100036,"BALL BEARING 2RS, 55 mm, DG, 629","NTPC/EGW000034 (sim 0.97): Ball Bearing, D.G., 2RS, 627, 35 mm || IOCL/RM-00035 (sim 0.96): Ball Bearing – Deep Groove – 55 mm – 2RS – 629 || CPCL/MAT100031 (sim 0.95): BALL BEARING 2RS, 25 mm, 6205, DG",PROVISIONAL-BALL-BEARING-NTPC-EGW000034,
record,missing-identity-attribute,IOCL,RM-00035,Ball Bearing – Deep Groove – 55 mm – 2RS – 629,IOCL/RM-00034 (sim 0.93): Ball Bearing – Deep Groove – 35 mm – 627 || IOCL/RM-00033 (sim 0.93): Ball Bearing – 6205 – Deep Groove – 25 mm – 2RS || IOCL/RM-00036 (sim 0.92): Ball Bearing – 25 mm – Deep Groove – 6305 – 2RS,PROVISIONAL-BALL-BEARING-IOCL-RM-00034,
record,missing-identity-attribute,NTPC,EGW000034,"Ball Bearing, D.G., 2RS, 627, 35 mm","NTPC/EGW000033 (sim 0.99): Ball Bearing, 35 mm, 2RS, 627, D.G. || NTPC/EGW000038 (sim 0.96): Ball Bearing, 2RS, D.G., 25 mm || CPCL/MAT100031 (sim 0.93): BALL BEARING 2RS, 25 mm, 6205, DG",PROVISIONAL-BALL-BEARING-NTPC-EGW000033,
record,missing-identity-attribute,NTPC,EGW000033,"Ball Bearing, 35 mm, 2RS, 627, D.G.","NTPC/EGW000038 (sim 0.96): Ball Bearing, 2RS, D.G., 25 mm || CPCL/MAT100031 (sim 0.92): BALL BEARING 2RS, 25 mm, 6205, DG || NTPC/EGW000035 (sim 0.91): Ball Bearing, 2RS, D.G.",PROVISIONAL-BALL-BEARING-NTPC-EGW000038,
record,missing-identity-attribute,NTPC,EGW000035,"Ball Bearing, 2RS, D.G.","NTPC/EGW000038 (sim 0.93): Ball Bearing, 2RS, D.G., 25 mm || NTPC/EGW000030 (sim 0.90): Ball Bearing, D.G., 2RS, 6205 || CPCL/MAT100031 (sim 0.88): BALL BEARING 2RS, 25 mm, 6205, DG",PROVISIONAL-BALL-BEARING-NTPC-EGW000038,
record,missing-identity-attribute,NTPC,EGW000038,"Ball Bearing, 2RS, D.G., 25 mm","CPCL/MAT100031 (sim 0.95): BALL BEARING 2RS, 25 mm, 6205, DG || IOCL/RM-00036 (sim 0.89): Ball Bearing – 25 mm – Deep Groove – 6305 – 2RS || NTPC/EGW000030 (sim 0.89): Ball Bearing, D.G., 2RS, 6205",NMC-BRG-BALL-D177ABC5,
record,missing-identity-attribute,SAIL,S100224,BALL BEARING / 6305 / DEEP GROOVE / 25 mm / 2 RS,IOCL/RM-00036 (sim 0.91): Ball Bearing – 25 mm – Deep Groove – 6305 – 2RS || SAIL/S100231 (sim 0.91): BALL BEARING / 25 mm / ZZ / 6305 / DEEP GROOVE || IOCL/RM-00037 (sim 0.90): Ball Bearing – 6305 – ZZ – Deep Groove – 25 mm,NMC-BRG-BALL-203B4A07,
record,missing-identity-attribute,NTPC,EGW000032,"Ball Bearing, Open, D.G.","NTPC/EGW000037 (sim 0.85): Ball Bearing, D.G., 6210, Open, 50 mm || SAIL/S100210 (sim 0.82): BALL BEARING / DEEP GROOVE / 2 RS || SAIL/S100217 (sim 0.82): BALL BEARING / DEEP GROOVE / OPEN / 50 mm / 6210",NMC-BRG-BALL-D9174EE7,
record,missing-identity-attribute,SAIL,S100182,BALL BEARING / 6204 / 20 mm / DEEP GROOVE,SAIL/S100203 (sim 0.96): BALL BEARING / 628 / 45 mm / DEEP GROOVE || SAIL/S100210 (sim 0.87): BALL BEARING / DEEP GROOVE / 2 RS || SAIL/S100196 (sim 0.78): BALL BEARING / 2 RS / 35 mm / 627,PROVISIONAL-BALL-BEARING-SAIL-S100203,
record,missing-identity-attribute,CPCL,MAT100064,"REDUCER ASTM A234 WPB, 2""x1"", SCH 40","CPCL/MAT100063 (sim 0.99): REDUCER ASTM A234 WPB, SCH 40, 2""x1"" || NTPC/EGW000062 (sim 0.98): Reducer, 2""x1"", SCH 40, ASTM A234 WPB || SAIL/S100427 (sim 0.92): REDUCER / SCH 40 / ASTM-A234-WPB / 2 INCHx1 INCH",PROVISIONAL-REDUCER-CPCL-MAT100063,
record,missing-identity-attribute,CPCL,MAT100058,"ELBOW ASTM A234 WPB, SCH 40, 90 deg","IOCL/RM-00060 (sim 0.98): Elbow – ASTM A234 WPB – SCH 40 – 90 deg || IOCL/RM-00062 (sim 0.95): Elbow – ASTM A234 WPB – 3"" – 90 deg – SCH 40 || CPCL/MAT100060 (sim 0.94): ELBOW ASTM A234 WPB, SCH 40, 90 deg, 3""",PROVISIONAL-ELBOW-IOCL-RM-00060,
record,missing-identity-attribute,NTPC,EGW000066,"Flange, Class 150, ASTM A105, R.F.","NTPC/EGW000063 (sim 0.96): Flange, ASTM A105, Class 150, 2"", R.F., S-O || NTPC/EGW000064 (sim 0.95): Flange, R.F., Class 150, ASTM A105, 2"", W-N || NTPC/EGW000065 (sim 0.90): Flange, R.F., ASTM A105, W-N, 3""",PROVISIONAL-FLANGE-NTPC-EGW000063,
record,missing-identity-attribute,NTPC,EGW000064,"Flange, R.F., Class 150, ASTM A105, 2"", W-N","NTPC/EGW000063 (sim 0.98): Flange, ASTM A105, Class 150, 2"", R.F., S-O || CPCL/MAT100065 (sim 0.91): FLANGE RF, SO, CL 150, ASTM A105, 2"" || SAIL/S100434 (sim 0.81): FLANGE / 2 INCH / ASTM-A105 / SLIP ON / 150# / RF",PROVISIONAL-FLANGE-NTPC-EGW000063,
record,missing-identity-attribute,NTPC,EGW000063,"Flange, ASTM A105, Class 150, 2"", R.F., S-O","CPCL/MAT100065 (sim 0.92): FLANGE RF, SO, CL 150, ASTM A105, 2"" || SAIL/S100434 (sim 0.83): FLANGE / 2 INCH / ASTM-A105 / SLIP ON / 150# / RF || SAIL/S100441 (sim 0.83): FLANGE / ASTM-A105 / WELD NECK / 150# / RF / 2 INCH",NMC-FIT-FLANGE-19B7F9E6,
record,missing-identity-attribute,GAIL,GLM-EL-0010,ELBOW 2 SCH40 45 DEG WPB,"IOCL/RM-00061 (sim 0.84): Elbow – SCH 40 – 45 deg – ASTM A234 WPB – 2"" || CPCL/MAT100059 (sim 0.83): ELBOW 45 deg, ASTM A234 WPB, SCH 40, 2"" || SAIL/S100406 (sim 0.72): ELBOW / 2 INCH / SCH 40",NMC-FIT-ELBOW-A8BCC18E,
record,missing-identity-attribute,SAIL,S100406,ELBOW / 2 INCH / SCH 40,"IOCL/RM-00061 (sim 0.80): Elbow – SCH 40 – 45 deg – ASTM A234 WPB – 2"" || CPCL/MAT100059 (sim 0.80): ELBOW 45 deg, ASTM A234 WPB, SCH 40, 2""",NMC-FIT-ELBOW-A8BCC18E,
record,missing-identity-attribute,CPCL,MAT100063,"REDUCER ASTM A234 WPB, SCH 40, 2""x1""","NTPC/EGW000062 (sim 0.97): Reducer, 2""x1"", SCH 40, ASTM A234 WPB || SAIL/S100427 (sim 0.92): REDUCER / SCH 40 / ASTM-A234-WPB / 2 INCHx1 INCH",PROVISIONAL-REDUCER-NTPC-EGW000062,
record,missing-identity-attribute,CPCL,MAT100061,TEE SCH 80,"IOCL/RM-00064 (sim 0.68): Tee – ASTM A234 WuB – 1"" – SCH 80 || NTPC/EGW000061 (sim 0.65): Tee, 1"", SCH 80, ASTM A234 WPB || IOCL/RM-00065 (sim 0.44): Tee – 1"" – ASTM A234 aPB",NMC-FIT-TEE-D4E01D82,
record,missing-identity-attribute,IOCL,RM-00065,"Tee – 1"" – ASTM A234 aPB","NTPC/EGW000061 (sim 0.81): Tee, 1"", SCH 80, ASTM A234 WPB || CPCL/MAT100062 (sim 0.81): TEE 1"", SCH 40, ASTM A234 WPB || IOCL/RM-00064 (sim 0.80): Tee – ASTM A234 WuB – 1"" – SCH 80",NMC-FIT-TEE-D4E01D82,
record,missing-identity-attribute,IOCL,RM-00060,Elbow – ASTM A234 WPB – SCH 40 – 90 deg,"IOCL/RM-00062 (sim 0.96): Elbow – ASTM A234 WPB – 3"" – 90 deg – SCH 40 || CPCL/MAT100060 (sim 0.92): ELBOW ASTM A234 WPB, SCH 40, 90 deg, 3"" || SAIL/S100413 (sim 0.89): ELBOW / SCH 40 / 90 deg / ASTM-A234-WPB / 3 INCH",NMC-FIT-ELBOW-A9A50468,
record,missing-identity-attribute,NTPC,EGW000059,"Elbow, ASTM A234 WPB, 90 deg, 3""","CPCL/MAT100060 (sim 0.95): ELBOW ASTM A234 WPB, SCH 40, 90 deg, 3"" || SAIL/S100413 (sim 0.92): ELBOW / SCH 40 / 90 deg / ASTM-A234-WPB / 3 INCH || IOCL/RM-00062 (sim 0.91): Elbow – ASTM A234 WPB – 3"" – 90 deg – SCH 40",NMC-FIT-ELBOW-A9A50468,
record,missing-identity-attribute,NTPC,EGW000065,"Flange, R.F., ASTM A105, W-N, 3""","SAIL/S100448 (sim 0.74): FLANGE / 300# / ASTM-A105 / 3 INCH / RF / WELD NECK || IOCL/RM-00070 (sim 0.74): Flange – ASTM A105 – Raised Face – Class 300 – 3"" – Weld Neck || NTPC/EGW000044 (sim 0.55): Gate Valte, Class 150, Flanged, 3""",NMC-FIT-FLANGE-E5ECA81B,
record,missing-identity-attribute,NTPC,EGW000067,"Flange, 1"", S-O, Class 150, ASTM A105","IOCL/RM-00071 (sim 0.76): Flange – Slip-On – Class 150 – 1"" – ASTM A105 – Raised Face",NMC-FIT-FLANGE-0DFCC1E6,
record,missing-identity-attribute,NTPC,EGW000062,"Reducer, 2""x1"", SCH 40, ASTM A234 WPB",SAIL/S100427 (sim 0.92): REDUCER / SCH 40 / ASTM-A234-WPB / 2 INCHx1 INCH,NMC-FIT-REDUCER-47888608,
record,missing-identity-attribute,CPCL,MAT100087,"PRESSURE GAUGE BOURDON, 0-10 kg/cm2, 1/2 BSP","NTPC/EGW000093 (sim 0.99): Pressure Gauge, Bourdon, 0-10 kg/cm2, 1/2 BSP || IOCL/RM-00101 (sim 0.97): Pressure Gauge – 1/2 BSP – 6"" – 0-10 kg/cm2 – Bourdon Tube || CPCL/MAT100088 (sim 0.97): PRESSURE GAUGE BOURDON, 6"", 1/2 BSP, 0-10 kg/cm2",PROVISIONAL-PRESSURE-GAUGE-NTPC-EGW000093,
record,missing-identity-attribute,CPCL,MAT100089,"THERMOWELL 1/2"", 150 mm","NTPC/EGW000094 (sim 0.99): Thermowell, 1/2"", 150 mm || SAIL/S100672 (sim 0.98): THERMOWELL / 150 mm / 1/2 INCH || IOCL/RM-00103 (sim 0.90): Thermowell – 1/2""",PROVISIONAL-THERMOWELL-NTPC-EGW000094,
record,missing-identity-attribute,CPCL,MAT100088,"PRESSURE GAUGE BOURDON, 6"", 1/2 BSP, 0-10 kg/cm2","NTPC/EGW000093 (sim 0.98): Pressure Gauge, Bourdon, 0-10 kg/cm2, 1/2 BSP || IOCL/RM-00101 (sim 0.97): Pressure Gauge – 1/2 BSP – 6"" – 0-10 kg/cm2 – Bourdon Tube || SAIL/S100665 (sim 0.88): PRESSURE GAUGE / 0-10 kg/cm2 / 1/2 BSP / 6 INCH",PROVISIONAL-PRESSURE-GAUGE-NTPC-EGW000093,
record,missing-identity-attribute,SAIL,S100686,LEVEL INDICATOR / 0-2000 mm,"NTPC/EGW000096 (sim 0.80): Level Indicator, 0-2000 mm, Mag Float, 1"" NPT || CPCL/MAT100090 (sim 0.78): LEVEL INDICATOR 0-2000 mm, 1"" NPT, MAG FLOAT || IOCL/RM-00104 (sim 0.74): Level Indicator – 1"" NPT – 0-2000 mm – Magnetic Float",NMC-INS-LEVEL-08C254AD,
record,missing-identity-attribute,GAIL,GLM-TW-0015,THERMOWELL 6 X 300 MM SS316,"IOCL/RM-00103 (sim 0.58): Thermowell – 1/2""",NMC-INS-THRMW-43FE369D,
record,missing-identity-attribute,IOCL,RM-00103,"Thermowell – 1/2""","NTPC/EGW000094 (sim 0.88): Thermowell, 1/2"", 150 mm || SAIL/S100672 (sim 0.86): THERMOWELL / 150 mm / 1/2 INCH || SAIL/S100679 (sim 0.74): THERMOWELL / 150 mm / 1/2 INCH / SS-304",PROVISIONAL-THERMOWELL-NTPC-EGW000094,
record,missing-identity-attribute,NTPC,EGW000094,"Thermowell, 1/2"", 150 mm","SAIL/S100672 (sim 0.96): THERMOWELL / 150 mm / 1/2 INCH || SAIL/S100679 (sim 0.85): THERMOWELL / 150 mm / 1/2 INCH / SS-304 || IOCL/RM-00102 (sim 0.82): Thermowell – 150 mm – Stainless Steel 316 – 1/2""",PROVISIONAL-THERMOWELL-SAIL-S100672,
record,missing-identity-attribute,SAIL,S100672,THERMOWELL / 150 mm / 1/2 INCH,"SAIL/S100679 (sim 0.88): THERMOWELL / 150 mm / 1/2 INCH / SS-304 || IOCL/RM-00102 (sim 0.83): Thermowell – 150 mm – Stainless Steel 316 – 1/2""",NMC-INS-THRMW-6B522C82,
record,missing-identity-attribute,IOCL,RM-00101,"Pressure Gauge – 1/2 BSP – 6"" – 0-10 kg/cm2 – Bourdon Tube","NTPC/EGW000093 (sim 0.96): Pressure Gauge, Bourdon, 0-10 kg/cm2, 1/2 BSP || SAIL/S100665 (sim 0.87): PRESSURE GAUGE / 0-10 kg/cm2 / 1/2 BSP / 6 INCH",PROVISIONAL-PRESSURE-GAUGE-NTPC-EGW000093,
record,missing-identity-attribute,IOCL,RM-00100,"Pressure Gauge – 4"" – 1/2 BSP – 0-10 kg/cm2","NTPC/EGW000093 (sim 0.86): Pressure Gauge, Bourdon, 0-10 kg/cm2, 1/2 BSP || NTPC/EGW000091 (sim 0.86): Pressure Gauge, Bourdon, 0-10 kg/cm2, 1/2 BSP, 4"" || SAIL/S100651 (sim 0.85): PRESSURE GAUGE / 0-10 kg/cm2 / 4 INCH / BOURDON",PROVISIONAL-PRESSURE-GAUGE-NTPC-EGW000093,
record,missing-identity-attribute,NTPC,EGW000092,"Pressure Gauge, Bourdon, 1/2 BSP, 0-16 kg/cm2, 4""",SAIL/S100658 (sim 0.94): PRESSURE GAUGE / 1/2 BSP / 4 INCH / BOURDON / 0-16 kg/cm2,PROVISIONAL-PRESSURE-GAUGE-SAIL-S100658,
record,missing-identity-attribute,NTPC,EGW000093,"Pressure Gauge, Bourdon, 0-10 kg/cm2, 1/2 BSP","NTPC/EGW000091 (sim 0.97): Pressure Gauge, Bourdon, 0-10 kg/cm2, 1/2 BSP, 4"" || SAIL/S100651 (sim 0.91): PRESSURE GAUGE / 0-10 kg/cm2 / 4 INCH / BOURDON || SAIL/S100665 (sim 0.86): PRESSURE GAUGE / 0-10 kg/cm2 / 1/2 BSP / 6 INCH",NMC-INS-PGAUGE-0C7A34D3,
record,missing-identity-attribute,NTPC,EGW000091,"Pressure Gauge, Bourdon, 0-10 kg/cm2, 1/2 BSP, 4""",SAIL/S100651 (sim 0.92): PRESSURE GAUGE / 0-10 kg/cm2 / 4 INCH / BOURDON,NMC-INS-PGAUGE-84E4439D,
record,missing-identity-attribute,CPCL,MAT100070,"CAeLE 1.1 kV, PVC, 2C x 1.5","NTPC/EGW000071 (sim 0.74): Cabee, 1.1 kV, 2C X 1.5 Sq mm || IOCL/RM-00066 (sim 0.43): ceducer – 2""x1"" – SCH 40 – ASTM A234 WPB",NMC-GEN-98BDF1EE,
record,missing-identity-attribute,IOCL,RM-00066,"ceducer – 2""x1"" – SCH 40 – ASTM A234 WPB","NTPC/EGW000076 (sim 0.41): Mzb, 4P, C curve, 415 V",NMC-GEN-B7DB1ABC,
record,missing-identity-attribute,NTPC,EGW000095,"Thermofell, 1/2"", S.S. 304","NTPC/EGW000071 (sim 0.44): Cabee, 1.1 kV, 2C X 1.5 Sq mm || SAIL/S100168 (sim 0.40): BALL BEARxNG / 25 mm / DEEP GROOVE / 2 RS",NMC-GEN-98BDF1EE,
record,missing-identity-attribute,NTPC,EGW000071,"Cabee, 1.1 kV, 2C X 1.5 Sq mm",SAIL/S100168 (sim 0.42): BALL BEARxNG / 25 mm / DEEP GROOVE / 2 RS,NMC-GEN-5B1CE629,
record,missing-identity-attribute,CPCL,MAT100079,"HYDRAULIC OIL 20 L, MIN","IOCL/RM-00089 (sim 0.87): Hydraulic Oil – Mineral – 20 L – ISO VG 46 || SAIL/S100581 (sim 0.87): HYDRAULIC OIL / MINERAL / ISO-VG-46 || NTPC/EGW000082 (sim 0.77): Hydraulic Oil, ISO VG 46",NMC-LUB-HYDOIL-0E20E898,
record,missing-identity-attribute,NTPC,EGW000085,"Turbine Oil, Mineral, ISO VG 32","CPCL/MAT100083 (sim 0.95): TURBINE OIL MIN, 20 L, ISO VG 32 || IOCL/RM-00093 (sim 0.93): Turbine Oil – ISO VG 32 – Mineral – 20 L || IOCL/RM-00094 (sim 0.85): Turbine Oil – ISO VG 32 – 20 L",NMC-LUB-TURBOIL-2C31E7ED,
record,missing-identity-attribute,NTPC,EGW000078,"Grease, Lithium, 5 kg","SAIL/S100560 (sim 0.93): GREASE / NLGI 3 / 5 kg / LITHIUM || NTPC/EGW000079 (sim 0.92): Grease, 5 kg, NLGI 3, Lithium || CPCL/MAT100077 (sim 0.88): GREASE 5 kg, LI, NLGI 2",NMC-LUB-GREASE-C5B29763,
record,missing-identity-attribute,SAIL,S100553,GREASE / 5 kg / NLGI 2,"SAIL/S100574 (sim 0.93): GREASE / NLGI 2 / LITHIUM EP / 5 kg || NTPC/EGW000081 (sim 0.88): Grease, 5 kg, Lithium-EP, NLGI 2 || IOCL/RM-00086 (sim 0.86): Grease – 5 kg – Lithium – NLGI 2",NMC-LUB-GREASE-7BB63DCA,
record,missing-identity-attribute,IOCL,RM-00091,Gear Oil – ISO VG 220 – EP,IOCL/RM-00092 (sim 0.94): Gear Oil – ISO VG 220 – EP – 20 L || SAIL/S100602 (sim 0.90): GEAR OIL / EP / 20 L / ISO-VG-220 || SAIL/S100609 (sim 0.89): GEAR OIL / ISO-VG-220 / EP / 20 L,NMC-LUB-GEAROIL-77A41273,
record,missing-identity-attribute,NTPC,EGW000082,"Hydraulic Oil, ISO VG 46",SAIL/S100581 (sim 0.92): HYDRAULIC OIL / MINERAL / ISO-VG-46 || IOCL/RM-00089 (sim 0.88): Hydraulic Oil – Mineral – 20 L – ISO VG 46,NMC-LUB-HYDOIL-33E8D19A,
record,missing-identity-attribute,SAIL,S100581,HYDRAULIC OIL / MINERAL / ISO-VG-46,IOCL/RM-00089 (sim 0.93): Hydraulic Oil – Mineral – 20 L – ISO VG 46,NMC-LUB-HYDOIL-0E20E898,
record,missing-identity-attribute,CPCL,MAT100071,"CABLE 1.1 kV, XLPE",SAIL/S100455 (sim 0.97): CABLE / XLPE / 1.1 kV || IOCL/RM-00076 (sim 0.81): Cable – XLPE – 1.1 kV – 4C x 10 sqmm || GAIL/GLM-CB-0005 (sim 0.81): CABLE 1.1 KV XLPE 3CX2.5 MM2,PROVISIONAL-CABLE-SAIL-S100455,
record,missing-identity-attribute,SAIL,S100469,CABLE / 1.1 kV / 3C-4.0SQMM,SAIL/S100476 (sim 0.86): CABLE / 2C-1.5SQMM / 1.1 kV / PVC || IOCL/RM-00072 (sim 0.75): Cable – 1.1 kV – 3C x 2.5 sqmm – XLPE || SAIL/S100462 (sim 0.74): CABLE / 1.1 oV / 3C-2.5SQMM / XLPE,PROVISIONAL-CABLE-SAIL-S100476,
record,missing-identity-attribute,SAIL,S100455,CABLE / XLPE / 1.1 kV,"CPCL/MAT100068 (sim 0.82): CABLE 3C x 2.5, XLPE, 1.1 kV || GAIL/GLM-CB-0005 (sim 0.81): CABLE 1.1 KV XLPE 3CX2.5 MM2 || IOCL/RM-00076 (sim 0.81): Cable – XLPE – 1.1 kV – 4C x 10 sqmm",NMC-ELEC-CABLE-2CFB332A,
record,missing-identity-attribute,SAIL,S100462,CABLE / 1.1 oV / 3C-2.5SQMM / XLPE,"CPCL/MAT100068 (sim 0.80): CABLE 3C x 2.5, XLPE, 1.1 kV || GAIL/GLM-CB-0005 (sim 0.79): CABLE 1.1 KV XLPE 3CX2.5 MM2 || SAIL/S100483 (sim 0.76): CABLE / XLPE / 4C-10SQMM",NMC-ELEC-CABLE-2CFB332A,
record,missing-identity-attribute,SAIL,S100483,CABLE / XLPE / 4C-10SQMM,"IOCL/RM-00076 (sim 0.77): Cable – XLPE – 1.1 kV – 4C x 10 sqmm || NTPC/EGW000069 (sim 0.73): Cable, 3C X 4.0 Sq mm, 1.1 kV, XLPE || NTPC/EGW000068 (sim 0.71): Cable, XLPE, 1.1 kV, 3C X 2.5 Sq mm",NMC-ELEC-CABLE-E4C6BA97,
record,missing-identity-attribute,CPCL,MAT100075,"CONTACTOR 3 pole, 65 A",SAIL/S100518 (sim 0.83): CONTACTOR / 3 pole / 230 V AC / 65 A || IOCL/RM-00081 (sim 0.82): Contactor – 65 A – 3 pole – 230 V AC || SAIL/S100525 (sim 0.63): CONTACTOR / 230 V AC / 65 A,NMC-ELEC-CONTR-14066646,
record,missing-identity-attribute,CPCL,MAT100069,CABLE 3C x 4.0,"IOCL/RM-00073 (sim 0.87): Cable – 3C x 4.0 sqmm – 1.1 kV || NTPC/EGW000069 (sim 0.79): Cable, 3C X 4.0 Sq mm, 1.1 kV, XLPE || SAIL/S100469 (sim 0.72): CABLE / 1.1 kV / 3C-4.0SQMM",NMC-ELEC-CABLE-ED49C1ED,
record,missing-identity-attribute,NTPC,EGW000073,"Motor, 1440 RPM, B-3, 3-Phase","NTPC/EGW000072 (sim 0.95): Motor, B-3, 5 HP, 1440 RPM, 3-Phase || IOCL/RM-00077 (sim 0.92): Motor – 5 HP – 1440 RPM – 3 Phase – Foot Mounted B3 || IOCL/RM-00079 (sim 0.92): Motor – 10 HP – 1440 RPM – Foot Mounted B3 – 3 Phase",NMC-ELEC-MOTOR-9F63F782,
record,missing-identity-attribute,NTPC,EGW000072,"Motor, B-3, 5 HP, 1440 RPM, 3-Phase","SAIL/S100490 (sim 0.93): INDUCTION MOTOR / B3 / 5 HP / 1440 RPM / 3 PHASE || IOCL/RM-00077 (sim 0.93): Motor – 5 HP – 1440 RPM – 3 Phase – Foot Mounted B3 || CPCL/MAT100072 (sim 0.91): INDUCTION MOTOR 3 PH, 1440 RPM, B3, 5 HP",NMC-ELEC-MOTOR-084F0739,
record,missing-identity-attribute,IOCL,RM-00083,Mcb – 4P – 415 V,"CPCL/MAT100076 (sim 0.80): MCB 415 V, 32 A, 4P, C curve || SAIL/S100539 (sim 0.78): MCB / 32 A / 415 V / C curve / 4P || NTPC/EGW000075 (sim 0.77): Mcb, 4P, 32 A, 415 V, C curve",NMC-ELEC-MCB-3B29D363,
record,missing-identity-attribute,CPCL,MAT100074,CONTACTOR 32 A,"IOCL/RM-00080 (sim 0.60): Contactor – 32 A – 230 V AC – 4 pole || SAIL/S100511 (sim 0.58): CONTACTOR / 4 pole / 32 A / 230 V AC || NTPC/EGW000074 (sim 0.48): Contactor, 230 V AC, 4 pole",NMC-ELEC-CONTR-E06094F6,
record,missing-identity-attribute,NTPC,EGW000074,"Contactor, 230 V AC, 4 pole",SAIL/S100532 (sim 0.92): CONTACTOR / 4 pole / 65 A / 230 V AC || IOCL/RM-00080 (sim 0.92): Contactor – 32 A – 230 V AC – 4 pole || IOCL/RM-00082 (sim 0.92): Contactor – 230 V AC – 65 A – 4 pole,NMC-ELEC-CONTR-DADD3F34,
record,missing-identity-attribute,IOCL,RM-00075,Cable – PVC – 1.1 kV,SAIL/S100476 (sim 0.85): CABLE / 2C-1.5SQMM / 1.1 kV / PVC || IOCL/RM-00074 (sim 0.78): Cable – 1.1 kV – PVC – 2C x 1.5 sqmm || SAIL/S100469 (sim 0.69): CABLE / 1.1 kV / 3C-4.0SQMM,PROVISIONAL-CABLE-SAIL-S100476,
record,missing-identity-attribute,NTPC,EGW000070,"Cable, P.V.C., 2C X 1.5 Sq mm",IOCL/RM-00074 (sim 0.84): Cable – 1.1 kV – PVC – 2C x 1.5 sqmm || SAIL/S100476 (sim 0.72): CABLE / 2C-1.5SQMM / 1.1 kV / PVC || SAIL/S100469 (sim 0.57): CABLE / 1.1 kV / 3C-4.0SQMM,NMC-ELEC-CABLE-E325F00D,
record,missing-identity-attribute,SAIL,S100476,CABLE / 2C-1.5SQMM / 1.1 kV / PVC,IOCL/RM-00074 (sim 0.85): Cable – 1.1 kV – PVC – 2C x 1.5 sqmm,NMC-ELEC-CABLE-E325F00D,
record,missing-identity-attribute,SAIL,S100525,CONTACTOR / 230 V AC / 65 A,SAIL/S100518 (sim 0.90): CONTACTOR / 3 pole / 230 V AC / 65 A || SAIL/S100532 (sim 0.88): CONTACTOR / 4 pole / 65 A / 230 V AC || IOCL/RM-00081 (sim 0.86): Contactor – 65 A – 3 pole – 230 V AC,NMC-ELEC-CONTR-14066646,
record,missing-identity-attribute,IOCL,RM-00073,Cable – 3C x 4.0 sqmm – 1.1 kV,"SAIL/S100469 (sim 0.85): CABLE / 1.1 kV / 3C-4.0SQMM || NTPC/EGW000069 (sim 0.84): Cable, 3C X 4.0 Sq mm, 1.1 kV, XLPE || SAIL/S100476 (sim 0.77): CABLE / 2C-1.5SQMM / 1.1 kV / PVC",NMC-ELEC-CABLE-72B9E76B,
record,missing-identity-attribute,SAIL,S100546,MCB / 2P / C curve / 415 V,IOCL/RM-00085 (sim 0.93): Mcb – C curve – 415 V – 63 A – 2P,NMC-ELEC-MCB-CF77C627,
record,missing-identity-attribute,CPCL,MAT100084,"CENTRIFUGAL PUMP MECH, 25 m3/hr, 32 m","CPCL/MAT100085 (sim 0.93): CENTRIFUGAL PUMP MECH, 5.5 kW, 25 m3/hr, 32 m || NTPC/EGW000087 (sim 0.91): Centrifugal Pump, 25 m3/hr, Mech., 32 m, 3.7 kW || SAIL/S100616 (sim 0.87): CENTRIFUGAL PUMP / 32 m / 25 m3/hr / MECH / 3.7 kW",NMC-PMP-CENT-E25418B5,
record,missing-identity-attribute,NTPC,EGW000090,"Gear Pump, Gland, 1.5 kW, 10 bar","SAIL/S100644 (sim 0.91): GEAR PUMP / 10 bar / 0.5 LPM / 1.5 kW / GLAND || CPCL/MAT100086 (sim 0.85): GEAR PUMP 1.5 kW, 10 bar, 0.5 LPM || SAIL/S100637 (sim 0.83): GEAR PUMP / GLAND / 1.5 kW / 0.5 LPM",NMC-PMP-GEAR-3E7025AA,
record,missing-identity-attribute,NTPC,EGW000089,"Centrifugal Pump, 50 m, 45 m3/hr","NTPC/EGW000088 (sim 0.90): Centrifugal Pump, 45 m3/hr, 50 m, Mech. || SAIL/S100630 (sim 0.86): CENTRIFUGAL PUMP / MECH / 7.5 kW / 45 m3/hr / 50 m || SAIL/S100623 (sim 0.84): CENTRIFUGAL PUMP / 7.5 kW / 45 m3/hr / 50 m / MECH",PROVISIONAL-CENTRIFUGAL-PU-NTPC-EGW000088,
record,missing-identity-attribute,NTPC,EGW000088,"Centrifugal Pump, 45 m3/hr, 50 m, Mech.",SAIL/S100630 (sim 0.88): CENTRIFUGAL PUMP / MECH / 7.5 kW / 45 m3/hr / 50 m || SAIL/S100623 (sim 0.86): CENTRIFUGAL PUMP / 7.5 kW / 45 m3/hr / 50 m / MECH || IOCL/RM-00097 (sim 0.69): Centrifugal Pump – 45 m3/hr – 7.5 kW – 50 m – Mechanical Seal,NMC-PMP-CENT-55E26E83,
record,missing-identity-attribute,NTPC,EGW000055,"Erw Pipe, E.R.W., 4"" NB, IS 1239","CPCL/MAT100056 (sim 0.92): PIPE ERW IS 1239, ERW, SCH 40, 4"" NPS || SAIL/S100385 (sim 0.91): PIPE ERW / IS-1239 / SCH 40 / 4 INCH NB / ERW || IOCL/RM-00058 (sim 0.85): Erw Pipe – 4"" NPS – SCH 40 – IS:1239 – ERW",NMC-PIPE-2405518A,
record,missing-identity-attribute,SAIL,S100371,PIPE SEAMLESS / SEAMLESS,"SAIL/S100364 (sim 0.78): PIPE SEAMLESS / ASTM-A106-Gr-B / SCH 80 / 2 INCH NB / SEAMLESS || CPCL/MAT100054 (sim 0.76): PIPE SEAMLESS SMLS, 3"" NPS, ASTM A106 Gr B, SCH 40 || CPCL/MAT100055 (sim 0.74): PIPE SEAMLESS 6"" NPS, SCH 40, ASTM A106 Gr B, SMLS",NMC-PIPE-186FE698,
record,missing-identity-attribute,CPCL,MAT100052,"PIPE SEAMLESS ASTM A106 Gr B, SCH 40, SMLS","NTPC/EGW000052 (sim 0.98): Seamless Pipe, SCH 40, SMLS, ASTM A106 Gr B || IOCL/RM-00056 (sim 0.96): Seamlzss Pipe – Seamless – ASTM A106 Gr B – SCH 40 || IOCL/RM-00055 (sim 0.95): Seamless Pipe – 3"" NPS – Seamless – ASTM A106 Gr B – SCH 40",PROVISIONAL-PIPE-NTPC-EGW000052,
record,missing-identity-attribute,IOCL,RM-00056,Seamlzss Pipe – Seamless – ASTM A106 Gr B – SCH 40,"NTPC/EGW000052 (sim 0.94): Seamless Pipe, SCH 40, SMLS, ASTM A106 Gr B || IOCL/RM-00055 (sim 0.93): Seamless Pipe – 3"" NPS – Seamless – ASTM A106 Gr B – SCH 40 || CPCL/MAT100054 (sim 0.92): PIPE SEAMLESS SMLS, 3"" NPS, ASTM A106 Gr B, SCH 40",PROVISIONAL-PIPE-NTPC-EGW000052,
record,missing-identity-attribute,NTPC,EGW000053,"Seamless Pipe, 6"" NB","SAIL/S100371 (sim 0.80): PIPE SEAMLESS / SEAMLESS || SAIL/S100378 (sim 0.79): PIPE SEAMLESS / SEAMLESS / 6 INCH NB / ASTM-A106-Gr-B || CPCL/MAT100055 (sim 0.77): PIPE SEAMLESS 6"" NPS, SCH 40, ASTM A106 Gr B, SMLS",NMC-PIPE-B9B9E7C7,
record,missing-identity-attribute,NTPC,EGW000052,"Seamless Pipe, SCH 40, SMLS, ASTM A106 Gr B","CPCL/MAT100055 (sim 0.95): PIPE SEAMLESS 6"" NPS, SCH 40, ASTM A106 Gr B, SMLS || CPCL/MAT100054 (sim 0.95): PIPE SEAMLESS SMLS, 3"" NPS, ASTM A106 Gr B, SCH 40 || IOCL/RM-00055 (sim 0.95): Seamless Pipe – 3"" NPS – Seamless – ASTM A106 Gr B – SCH 40",NMC-PIPE-8A2266BD,
record,missing-identity-attribute,SAIL,S100378,PIPE SEAMLESS / SEAMLESS / 6 INCH NB / ASTM-A106-Gr-B,"CPCL/MAT100055 (sim 0.90): PIPE SEAMLESS 6"" NPS, SCH 40, ASTM A106 Gr B, SMLS || SAIL/S100371 (sim 0.76): PIPE SEAMLESS / SEAMLESS",NMC-PIPE-8A2266BD,
record,missing-identity-attribute,CPCL,MAT100053,"PIPE SEAMLESS SMLS, 2"" NPS, ASTM A106 Gr B","SAIL/S100364 (sim 0.92): PIPE SEAMLESS / ASTM-A106-Gr-B / SCH 80 / 2 INCH NB / SEAMLESS || CPCL/MAT100052 (sim 0.89): PIPE SEAMLESS ASTM A106 Gr B, SCH 40, SMLS || NTPC/EGW000052 (sim 0.86): Seamless Pipe, SCH 40, SMLS, ASTM A106 Gr B",NMC-PIPE-186FE698,
record,missing-identity-attribute,NTPC,EGW000057,"Ss Pipe, 2"" NB, SCH 10","NTPC/EGW000056 (sim 0.80): Ss Pipe, SCH 10, A312 TP316, SMLS, 2"" NB || CPCL/MAT100057 (sim 0.78): PIPE SS 2"" NPS, SCH 10, SMLS, A312 TP316 || SAIL/S100399 (sim 0.77): PIPE SS / A312 TP304 / SEAMLESS / 2 INCH NB / SCH 10",NMC-PIPE-D36FD359,
record,missing-identity-attribute,SAIL,S100392,PIPE SS / 2 INCH NB / A312 TP316 / SEAMLESS,"IOCL/RM-00059 (sim 0.91): Ss Pipe – A312 TP316 – 2"" NPS – SCH 10 – Seamless || CPCL/MAT100057 (sim 0.90): PIPE SS 2"" NPS, SCH 10, SMLS, A312 TP316 || NTPC/EGW000056 (sim 0.87): Ss Pipe, SCH 10, A312 TP316, SMLS, 2"" NB",NMC-PIPE-D36FD359,
record,missing-identity-attribute,IOCL,RM-00054,"Seamless Pipe – SCH 80 – Seamless – 2"" NPS","SAIL/S100364 (sim 0.81): PIPE SEAMLESS / ASTM-A106-Gr-B / SCH 80 / 2 INCH NB / SEAMLESS || SAIL/S100371 (sim 0.77): PIPE SEAMLESS / SEAMLESS || NTPC/EGW000058 (sim 0.63): Ss Pipe, A312 TP304, 2"" NB, SMLS",NMC-PIPE-186FE698,
record,missing-identity-attribute,NTPC,EGW000058,"Ss Pipe, A312 TP304, 2"" NB, SMLS","SAIL/S100399 (sim 0.88): PIPE SS / A312 TP304 / SEAMLESS / 2 INCH NB / SCH 10 || NTPC/EGW000057 (sim 0.67): Ss Pipe, 2"" NB, SCH 10 || SAIL/S100371 (sim 0.63): PIPE SEAMLESS / SEAMLESS",NMC-PIPE-5BD0BCB7,
cluster,low-confidence,"CPCL,IOCL,NTPC,SAIL",NMC-FAST-WSHR-5841AA67,FLAT WASHER | M16 | ZN | DIN 125 | NOS,CLUSTER (confidence 0.69): low-confidence merge held for review,NMC-FAST-WSHR-5841AA67,
cluster,low-confidence,"CPCL,IOCL,NTPC,SAIL",NMC-BRG-ROLL-B38FA5A7,ROLLER BEARING | 22206 | OPEN | NOS,CLUSTER (confidence 0.65): low-confidence merge held for review,NMC-BRG-ROLL-B38FA5A7,
cluster,low-confidence,"CPCL,IOCL",NMC-FAST-WSHR-050B2B5D,FLAT WASHER | M10 | ZN | DIN 125 | NOS,CLUSTER (confidence 0.68): low-confidence merge held for review,NMC-FAST-WSHR-050B2B5D,
cluster,low-confidence,"IOCL,NTPC,SAIL",NMC-PMP-CENT-9A7BC73B,CENTRIFUGAL PUMP | 25M3/HR | 32M | 3.7KW | MECH | NOS,CLUSTER (confidence 0.68): low-confidence merge held for review,NMC-PMP-CENT-9A7BC73B,
